name;club;games_played;games_started;mins;total_sub_on;goals;accurate_pass_perc;assists;total_scoring_attempts;on_target_scoring_attempts;key_passes;expected_goals;fouls;fouls_suffered;offside;yellow_cards;red_cards
camilo-sanvezzo;VAN;32;27;2418;5;22;66.2;6;123;55;32;0;51;43;17;5;0
marco-di-vaio;MTL;33;31;2746;2;20;72.7;2;118;53;24;0;14;33;78;4;0
robbie-keane;LA;23;22;1980;1;16;80.5;11;65;29;44;0;18;27;17;2;0
mike-magee;CHI;22;22;1901;0;15;75.4;4;78;37;55;0;17;29;3;3;0
diego-fagundez;NE;31;28;2427;3;13;76.1;7;55;29;22;0;22;16;3;3;0
dominic-oduro;CLB;34;34;2854;0;13;72.8;4;92;36;31;0;25;67;25;3;1
jack-mcinerney;PHI;31;25;2209;6;12;75.4;0;86;30;23;0;34;27;18;4;0
alvaro-saborio;RSL;16;15;1346;1;12;71.7;2;53;21;12;0;25;17;20;1;0
tim-cahill;RBNY;27;27;2243;0;11;80.3;5;55;21;16;0;78;43;13;4;0
federico-higuain;CLB;29;29;2592;0;11;80.1;9;86;31;109;0;20;20;16;6;1
blas-perez;DAL;25;21;2019;4;11;70.3;3;56;29;25;0;39;48;16;5;1
chris-wondolowski;SJ;29;29;2610;0;11;75.8;3;101;44;37;0;33;33;14;5;0
claudio-bieler;SKC;28;25;2109;3;10;75.8;4;70;27;23;0;35;32;12;4;0
deshorn-brown;COL;31;24;2169;7;10;68.8;4;97;30;14;0;24;17;29;1;0
conor-casey;PHI;31;25;2201;6;10;64.7;5;64;26;33;0;58;26;25;9;0
landon-donovan;LA;22;21;1874;1;10;76.1;9;38;19;54;0;24;28;5;1;0
thierry-henry;RBNY;30;27;2519;3;10;73.5;9;92;29;62;0;20;31;23;3;0
diego-valeri;POR;31;28;2277;3;10;73.7;13;72;26;52;0;39;43;10;2;0
giles-barnes;HOU;33;32;2561;1;9;76.8;4;94;29;24;0;25;35;19;2;0
fabian-espindola;RBNY;28;23;2054;5;9;71.2;2;48;26;23;0;41;58;22;3;0
ryan-johnson;POR;29;21;1770;8;9;66.7;4;43;22;13;0;25;29;24;2;0
will-johnson;POR;28;28;2520;0;9;84.9;5;55;20;30;0;23;45;3;4;0
eddie-johnson;SEA;21;20;1725;1;9;79.9;2;51;27;27;0;19;35;42;6;0
darlington-nagbe;POR;34;34;2848;0;9;85.5;4;62;24;42;0;8;83;6;1;0
will-bruin;HOU;30;30;2596;0;8;70.6;7;98;30;32;0;24;19;8;0;0
robert-earnshaw;TOR;26;23;1883;3;8;77.9;0;69;22;5;0;16;22;24;1;0
obafemi-martins;SEA;20;17;1466;3;8;76;4;43;16;9;0;17;28;7;0;1
kenny-miller;VAN;21;19;1643;2;8;73.9;1;41;15;25;0;20;21;11;0;0
javier-morales;RSL;28;25;2281;3;8;83.1;10;46;18;91;0;23;78;6;5;0
lamar-neagle;SEA;30;27;2409;3;8;71;4;61;25;35;0;54;32;16;1;1
juan-agudelo;NE;14;11;1021;3;7;77.4;1;23;11;7;0;40;28;11;2;0
kei-kamara;SKC;15;10;1022;5;7;69.4;2;42;13;15;0;16;14;5;0;0
kelyn-rowe;NE;33;26;2528;7;7;72.6;8;74;21;37;0;27;46;3;4;0
erick-torres;CHV;15;15;1349;0;7;77.7;1;45;21;10;0;28;30;6;3;0
rodney-wallace;POR;27;21;1972;6;7;78;6;49;18;28;0;35;16;11;3;0
kenny-cooper;DAL;31;19;1741;12;6;70.8;1;45;21;16;0;22;24;23;2;1
robbie-findley;RSL;25;17;1260;8;6;74.6;2;36;15;8;0;8;29;10;1;0
mike-magee;LA;10;10;892;0;6;78.3;0;36;13;7;0;14;12;5;1;0
kekuta-manneh;VAN;20;6;764;14;6;71;2;38;15;9;0;1;9;14;1;0
graham-zusi;SKC;27;26;2357;1;6;77.3;8;50;19;81;0;28;54;7;1;0
edson-buddle;COL;24;19;1664;5;5;74.1;3;56;17;18;0;37;21;11;1;0
olmes-garcia;RSL;24;8;996;16;5;74.8;4;33;15;11;0;26;26;7;5;0
luis-gil;RSL;30;24;2060;6;5;76.4;3;36;13;19;0;20;21;2;2;0
ned-grabavoy;RSL;32;29;2688;3;5;87;5;29;10;45;0;37;63;3;5;0
atiba-harris;COL;29;24;2012;5;5;60.9;1;51;16;31;0;52;43;12;2;1
felipe-martins;MTL;32;28;2350;4;5;74.9;8;55;24;35;0;32;57;5;6;0
jonathan-osorio;TOR;28;18;1697;10;5;85.4;1;28;8;22;0;15;31;2;1;0
dillon-powers;COL;30;29;2457;1;5;81.4;6;27;11;60;0;28;62;1;4;0
lloyd-sam;RBNY;22;8;814;14;5;80.9;1;7;5;13;0;10;13;3;0;1
saer-sene;NE;24;14;1217;10;5;73.3;5;41;18;11;0;17;7;8;1;1
jonny-steele;RBNY;33;32;2665;1;5;74.7;6;46;15;24;0;42;18;12;4;0
eric-alexander;RBNY;34;30;2504;4;4;83.3;2;33;9;21;0;19;18;0;2;0
bernardo-anor;CLB;20;19;1663;1;4;80.1;1;53;17;19;0;34;35;4;4;0
kyle-beckerman;RSL;26;26;2281;0;4;83.1;6;46;17;24;0;26;17;0;7;0
patrice-bernier;MTL;31;28;2474;3;4;82.4;8;23;7;20;0;50;43;0;4;0
ricardo-clark;HOU;30;29;2517;1;4;78.1;4;46;11;25;0;38;51;3;2;0
brad-davis;HOU;26;25;2204;1;4;84.5;9;40;19;48;0;27;35;5;2;1
dilly-duka;CHI;31;24;1788;7;4;70.8;3;62;28;28;0;39;23;1;3;0
brad-evans;SEA;24;21;1761;3;4;78.2;6;37;11;21;0;22;25;7;3;0
alan-gordon;SJ;24;17;1436;7;4;67.7;3;40;14;15;0;53;33;23;7;1
jordan-harvey;VAN;24;23;2082;1;4;79.1;1;10;6;12;0;25;18;1;5;0
adam-jahn;SJ;22;11;1059;11;4;70.8;0;29;10;14;0;16;9;5;1;0
steven-lenhart;SJ;21;14;1322;7;4;66.4;2;35;13;15;0;36;39;12;7;1
dax-mccarty;RBNY;30;29;2582;1;4;85;4;17;6;17;0;28;36;1;2;0
lee-nguyen;NE;33;32;2838;1;4;80.4;7;56;22;50;0;63;64;1;6;0
patrick-nyarko;CHI;30;24;2153;6;4;72.6;4;40;16;34;0;33;70;13;1;0
jamison-olave;RBNY;29;27;2368;2;4;79.3;0;11;6;0;0;38;13;3;4;1
joao-plata;RSL;29;19;1645;10;4;80.3;8;50;19;18;0;16;16;11;1;0
chris-rolfe;CHI;31;26;2135;5;4;73.8;1;69;19;39;0;17;20;8;3;0
mauro-rosales;SEA;33;26;2175;7;4;76.7;8;24;7;53;0;20;43;4;2;0
soony-saad;SKC;23;15;1353;8;4;77.7;4;58;15;25;0;18;31;3;1;0
cj-sapong;SKC;25;16;1551;9;4;66.2;2;33;13;13;0;39;49;5;1;1
marcelo-sarvas;LA;33;33;2897;0;4;83.6;6;53;15;33;0;80;62;1;9;0
nathan-sturgis;COL;25;23;2037;2;4;85.2;1;27;7;20;0;34;22;0;6;0
gyasi-zardes;LA;27;23;2170;4;4;71.5;4;78;23;28;0;26;31;7;1;0
kalif-alhassan;POR;30;15;1324;15;3;83.3;3;34;11;19;0;20;28;4;2;0
quincy-amarikwa;CHI;14;0;299;14;3;68;0;12;7;8;0;17;10;3;0;0
jairo-arrieta;CLB;26;21;1862;5;3;79.4;4;64;18;27;0;44;28;24;6;0
eric-avila;CHV;28;24;2183;4;3;74.6;2;27;10;32;0;25;50;5;1;1
hassoun-camara;MTL;32;32;2874;0;3;79;3;20;6;16;0;35;35;1;7;0
aurelien-collin;SKC;29;29;2565;0;3;75.7;1;33;9;6;0;54;24;5;13;0
warren-creavalle;HOU;27;17;1629;10;3;79.7;1;22;7;11;0;22;17;0;3;0
dwayne-de-rosario;DC;24;17;1603;7;3;78.3;2;59;22;28;0;25;38;25;2;0
mauro-diaz;DAL;10;5;423;5;3;79.3;2;11;6;13;0;3;8;1;0;0
andrew-driver;HOU;26;20;1694;6;3;76.5;1;24;11;29;0;25;9;3;5;0
benny-feilhaber;SKC;27;22;1774;5;3;82.7;4;33;12;29;0;26;45;1;4;0
david-ferreira;DAL;30;26;2419;4;3;79.6;9;32;10;54;0;24;76;5;4;0
michel-garbini-pereira;DAL;31;26;2284;5;3;76.9;8;29;10;41;0;30;26;1;3;0
boniek-garcia;HOU;22;21;1899;1;3;82;6;18;5;60;0;27;35;7;4;0
jackson-goncalves;DAL;30;29;2375;1;3;71.4;3;61;17;30;0;57;44;10;5;2
matt-hedges;DAL;33;32;2793;1;3;86.5;0;13;4;6;0;19;16;1;1;0
antoine-hoppenot;PHI;30;2;732;28;3;68;2;20;8;9;0;15;23;5;3;0
dimitry-imbongo;NE;21;11;1041;10;3;75.1;4;30;10;14;0;37;30;16;5;3
andrew-jacobson;DAL;27;27;2292;0;3;79.8;1;40;9;12;0;46;38;4;3;0
hector-jimenez;LA;26;14;1178;12;3;73.4;4;20;7;23;0;10;13;1;0;0
gershon-koffie;VAN;26;21;1911;5;3;81.4;3;25;9;12;0;33;46;1;6;0
sebastien-le-toux;PHI;32;25;2222;7;3;70.1;12;34;13;67;0;11;25;13;0;0
darren-mattocks;VAN;20;8;911;12;3;75.3;1;45;14;14;0;14;12;10;0;0
adam-moffat;HOU;26;24;1947;2;3;80.4;1;28;4;16;0;22;15;2;3;0
drew-moor;COL;32;31;2793;1;3;80.3;0;18;6;3;0;17;24;0;1;1
amobi-okugo;PHI;32;32;2879;0;3;80.8;3;25;6;2;0;36;24;3;6;1
ike-opara;SKC;18;15;1397;3;3;78.8;0;13;6;11;0;25;4;1;3;0
kyle-porter;DC;27;18;1594;9;3;74;1;41;13;32;0;22;24;6;3;0
darel-russell;TOR;18;10;924;8;3;75.1;0;16;9;10;0;21;17;0;5;0
devon-sandoval;RSL;17;10;885;7;3;75.6;0;18;9;11;0;13;12;3;1;0
luis-silva;DC;13;13;1042;0;3;81.7;2;25;8;28;0;8;17;2;1;0
gabriel-torres;COL;7;5;507;2;3;78.9;1;15;4;5;0;2;5;4;0;0
josh-williams;CLB;27;25;2284;2;3;76.3;0;21;8;21;0;18;13;0;2;0
juan-agudelo;CHV;6;4;381;2;2;73;1;7;2;5;0;14;8;1;0;0
carlos-alvarez;CHV;29;26;2182;3;2;74.6;3;35;10;27;0;24;22;4;5;0
juan-luis-anangono;CHI;13;9;839;4;2;68.5;1;34;10;8;0;23;12;7;1;0
chad-barrett;NE;19;8;622;11;2;69.8;2;11;5;7;0;5;8;1;1;0
tristan-bowen;CHV;22;15;1173;7;2;67.2;2;32;7;11;0;23;19;1;6;1
justin-braun;TOR;21;8;779;13;2;74.5;2;12;5;11;0;22;15;9;4;0
jeb-brovsky;MTL;30;29;2610;1;2;80.2;2;14;6;14;0;21;14;1;5;0
brian-carroll;PHI;33;33;2969;0;2;80.6;1;16;5;21;0;40;14;2;6;0
fabian-castillo;DAL;33;26;2176;7;2;76.8;6;45;16;29;0;30;21;17;7;0
sam-cronin;SJ;34;34;2971;0;2;79.7;4;28;7;30;0;48;25;0;4;0
bryan-de-la-fuente;CHV;11;11;884;0;2;64.7;0;8;3;9;0;18;12;2;0;0
nick-deleon;DC;25;23;1912;2;2;83.3;1;37;13;23;0;13;18;5;2;0
maicon-santos;CHI;15;1;379;14;2;60.1;2;20;5;5;0;7;7;6;1;0
conor-doyle;DC;14;8;805;6;2;71.7;1;23;11;3;0;3;8;4;0;0
dom-dwyer;SKC;16;7;674;9;2;69.3;2;28;7;8;0;14;15;3;0;0
jose-goncalves;NE;34;34;3060;0;2;77.6;0;9;6;9;0;32;38;2;3;0
jared-jeffrey;DC;10;10;796;0;2;86.1;0;16;5;13;0;24;6;1;3;0
george-john;DAL;24;24;2070;0;2;88;0;13;5;3;0;27;22;0;3;0
daigo-kobayashi;VAN;30;21;1651;9;2;82.3;4;18;6;33;0;15;24;1;1;0
jeff-larentowicz;CHI;32;31;2807;1;2;76.4;4;45;13;21;0;47;30;1;6;1
joel-lindpere;CHI;25;17;1444;8;2;68.1;8;18;6;25;0;13;17;2;2;0
justin-mapp;MTL;27;25;2137;2;2;79.8;8;34;15;34;0;21;43;2;2;0
walter-martinez;SJ;15;10;919;5;2;74.9;2;16;5;14;0;15;30;5;1;0
julio-morales;CHV;17;9;769;8;2;79.9;0;17;8;5;0;14;16;4;2;0
chance-myers;SKC;27;26;2383;1;2;75.7;3;24;7;26;0;38;24;1;3;0
lionard-pajoy;DC;20;11;1130;9;2;82.6;0;21;5;9;0;26;15;23;2;0
daniel-paladini;CHI;20;7;823;13;2;77.6;3;12;6;17;0;11;9;2;5;1
daniele-paponi;MTL;16;8;800;8;2;71.5;1;29;11;12;0;9;16;11;2;0
chris-pontius;DC;22;19;1754;3;2;71.3;3;40;11;29;0;21;44;8;0;0
andres-romero;MTL;30;20;1672;10;2;78.3;2;18;7;24;0;27;31;2;4;0
shea-salinas;SJ;28;24;1982;4;2;74.2;8;35;16;59;0;21;30;4;1;0
ibrahim-sekagya;RBNY;8;8;702;0;2;84.5;0;3;2;0;0;11;5;0;1;1
blake-smith;MTL;16;0;276;16;2;78.1;1;7;3;6;0;2;5;0;1;0
russell-teibert;VAN;24;19;1777;5;2;79.6;9;29;7;28;0;16;23;3;4;0
hendry-thomas;COL;27;27;2301;0;2;84.5;1;33;5;9;0;59;35;0;7;0
jose-villarreal;LA;22;12;1109;10;2;72.4;1;37;12;23;0;22;20;1;0;0
je-vaughn-watson;DAL;24;15;1372;9;2;78;2;20;10;9;0;26;17;3;4;1
cam-weaver;HOU;22;6;709;16;2;64.6;0;21;5;14;0;22;15;8;1;0
andrew-wiedeman;TOR;14;9;821;5;2;76;1;25;5;7;0;5;6;6;0;0
sheanon-williams;PHI;32;32;2867;0;2;76.4;8;14;3;23;0;42;42;0;6;1
walker-zimmerman;DAL;7;4;411;3;2;81.7;0;4;3;1;0;2;1;0;0;0
yordany-alvarez;RSL;18;11;981;7;1;85.4;0;10;5;5;0;21;7;0;5;2
jalil-anibaba;CHI;34;34;3060;0;1;68.7;3;16;7;20;0;15;13;2;3;0
davy-arnaud;MTL;24;21;1766;3;1;81.3;5;13;6;18;0;35;43;3;5;0
steven-beitashour;SJ;27;27;2426;0;1;78.6;3;5;1;15;0;23;22;0;0;0
jerry-bengtson;NE;16;12;1055;4;1;62.4;0;20;8;10;0;28;13;12;2;0
jair-benitez;DAL;31;28;2473;3;1;75.6;1;7;1;19;0;17;32;0;5;0
victor-bernardez;SJ;25;25;2233;0;1;72.1;1;17;4;5;0;24;18;1;9;2
austin-berry;CHI;34;34;3060;0;1;78;2;14;5;6;0;17;16;0;2;0
nat-borchers;RSL;28;28;2520;0;1;87.5;2;9;4;2;0;13;16;2;1;0
;TOR;15;11;1072;4;1;68.5;3;31;12;8;0;18;16;10;1;0
steven-caldwell;TOR;23;23;2066;0;1;74.2;1;12;4;4;0;31;14;1;4;1
servando-carrasco;SEA;19;13;1230;6;1;79.1;1;13;2;10;0;26;18;1;2;0
tony-cascio;COL;13;4;530;9;1;74.3;0;14;5;7;0;7;16;0;1;1
giovani-casillas;CHV;5;2;182;3;1;81.4;0;3;1;3;0;0;0;0;0;0
jaime-castrillon;COL;11;2;371;9;1;76.2;0;12;5;4;0;7;2;2;0;0
cordell-cato;SJ;20;10;1030;10;1;77.6;2;19;5;17;0;13;19;1;0;0
marvin-chavez;SJ;15;12;1053;3;1;75.9;1;22;4;22;0;22;18;9;2;1
bobby-convey;TOR;21;20;1786;1;1;77.7;4;15;3;32;0;19;31;4;3;0
jose-erick-correa;CHV;16;12;1054;4;1;77;0;18;11;12;0;18;4;14;0;0
laurent-courtois;CHV;5;3;265;2;1;78;0;11;3;5;0;4;5;1;0;0
alex;CHI;30;18;1625;12;1;78.2;1;34;9;24;0;25;29;0;2;0
mario-de-luna;CHV;30;30;2637;0;1;74.4;0;7;2;5;0;29;27;2;6;0
clint-dempsey;SEA;9;6;651;3;1;85.8;0;32;7;11;0;4;23;1;1;0
bright-dike;TOR;7;5;430;2;1;67.9;0;7;3;6;0;10;5;2;1;0
michael-farfan;PHI;29;22;1991;7;1;79.9;1;40;18;31;0;41;45;3;6;0
matteo-ferrari;MTL;31;31;2790;0;1;86.9;1;8;2;2;0;26;19;0;8;0
ryan-finley;CLB;14;3;430;11;1;73.4;1;18;5;1;0;3;6;10;0;0
sean-franklin;LA;33;29;2736;4;1;81.8;4;15;3;28;0;29;22;1;3;0
glauber;CLB;13;13;1169;0;1;74.2;0;5;2;2;0;26;6;0;5;0
omar-gonzalez;LA;27;27;2368;0;1;78.5;2;19;4;12;0;17;14;0;2;0
cole-grossman;RSL;4;2;160;2;1;83.1;0;2;1;1;0;1;2;0;0;0
ryan-guy;NE;11;8;636;3;1;65.8;0;10;2;6;0;4;6;0;0;0
jeremy-hall;TOR;31;26;2280;5;1;75.6;1;7;2;11;0;34;22;1;5;0
tom-heinemann;VAN;14;3;286;11;1;60.8;1;7;2;6;0;11;6;2;0;0
corey-hertzog;VAN;7;6;428;1;1;77;1;8;4;1;0;2;11;1;0;0
andrew-jean-baptiste;POR;26;22;2142;4;1;76.4;1;15;5;6;0;29;15;4;4;0
jason-johnson;HOU;13;4;428;9;1;77.7;0;17;9;5;0;8;8;2;0;0
shalrie-joseph;SEA;10;6;592;4;1;83.5;0;6;3;7;0;11;9;0;1;1
hunter-jumper;CHI;2;2;180;0;1;65.5;1;2;1;0;0;5;0;0;1;0
stephen-keel;DAL;8;5;497;3;1;86.2;0;3;1;1;0;3;5;1;1;0
perry-kitchen;DC;31;31;2773;0;1;82.5;4;10;3;19;0;43;43;1;6;0
jose-kleberson;PHI;11;7;532;4;1;74.6;2;24;4;9;0;6;6;1;1;0
matias-laba;TOR;16;16;1414;0;1;82.1;0;7;4;10;0;19;31;0;5;0
nick-labrocca;COL;24;16;1214;8;1;80;3;27;10;17;0;14;12;1;3;0
peguy-luyindula;RBNY;22;9;863;13;1;77.2;7;21;12;9;0;8;15;9;1;0
fabinho;PHI;14;10;980;4;1;76.3;2;9;1;12;0;10;18;0;0;1
chad-marshall;CLB;30;30;2638;0;1;81.3;0;21;8;4;0;22;28;0;2;0
jack-mcbean;LA;15;7;554;8;1;68.8;2;19;8;3;0;6;17;1;0;0
edgar-mejia;CHV;28;27;2266;1;1;77.1;4;12;4;33;0;16;23;1;2;1
justin-meram;CLB;19;9;781;10;1;68.2;1;21;6;13;0;13;12;4;1;0
oswaldo-minda;CHV;16;15;1224;1;1;82.8;0;6;1;5;0;35;12;0;6;0
justin-morrow;SJ;26;21;1937;5;1;78.2;2;7;1;9;0;16;14;2;1;1
ramon-nunez;DAL;10;0;253;10;1;77.6;3;11;3;3;0;2;4;0;0;0
sanna-nyassi;MTL;22;11;1162;11;1;83.3;1;20;9;16;0;12;19;6;2;0
darren-o-dea;TOR;17;17;1530;0;1;71.1;1;13;4;12;0;19;11;1;3;0
lawrence-olum;SKC;20;9;1001;11;1;76.5;1;6;2;14;0;16;6;2;4;0
kofi-opare;LA;6;6;534;0;1;84.5;0;2;1;0;0;4;5;0;1;0
karl-ouimette;MTL;7;6;547;1;1;77.1;0;5;1;0;0;4;2;0;0;0
juninho;LA;32;32;2770;0;1;85.7;4;50;14;47;0;42;32;2;6;0
frederic-piquionne;POR;21;7;783;14;1;64.2;5;30;9;8;0;20;13;12;0;0
andrea-pisanu;MTL;14;8;631;6;1;73.8;1;10;4;18;0;10;22;8;2;0
nigel-reo-coker;VAN;32;31;2817;1;1;81.9;4;17;5;32;0;62;39;1;9;0
alvaro-rey;TOR;13;9;770;4;1;81;1;12;4;15;0;8;22;0;1;0
martin-rivero;COL;16;6;705;10;1;79.5;3;16;5;16;0;9;17;2;1;0
andy-rose;SEA;18;9;888;9;1;77.5;2;10;4;3;0;17;4;0;2;0
oriol-rosell;SKC;31;31;2691;0;1;84.5;2;24;5;22;0;66;34;0;10;0
charlie-rugg;LA;4;2;151;2;1;69.8;0;2;1;1;0;3;1;2;0;0
matias-sanchez;CLB;14;10;820;4;1;78.8;1;6;1;10;0;32;12;0;5;0
vicente-sanchez;COL;8;7;623;1;1;72.8;4;12;5;5;0;10;11;1;0;0
aaron-schoenfeld;CLB;10;3;310;7;1;64.2;1;10;3;4;0;15;7;2;2;0
jamie-smith;COL;6;1;168;5;1;84.8;0;7;3;2;0;4;2;1;0;0
a-j-soares;NE;18;17;1476;1;1;72;0;5;1;0;0;13;24;0;3;0
bakary-soumare;CHI;22;22;1918;0;1;71.2;0;5;2;3;0;31;12;0;4;2
ben-speas;CLB;19;10;935;9;1;73.4;1;18;4;11;0;4;14;0;0;0
michael-stephens;LA;21;8;775;13;1;78.6;1;3;1;7;0;9;3;0;0;0
khari-stephenson;RSL;19;9;791;10;1;83.7;1;21;7;2;0;17;3;1;2;0
rafael;DC;7;4;331;3;1;76.4;0;7;2;0;0;2;9;4;1;0
chris-tierney;NE;29;26;2352;3;1;75.8;5;19;3;39;0;15;14;0;2;0
maxim-tissot;MTL;6;3;303;3;1;76;1;2;2;2;0;2;2;1;1;0
juan-toja;NE;18;11;905;7;1;80.9;0;12;3;6;0;35;14;6;3;0
djimi-traore;SEA;27;25;2235;2;1;79.1;0;9;1;0;0;16;22;0;5;0
maximiliano-urruti;POR;5;4;314;1;1;78.6;0;6;2;4;0;8;4;5;1;0
jose-adolfo-valencia;POR;21;5;636;16;1;81.1;3;20;6;9;0;16;11;5;1;0
joaquin-velazquez;CHV;12;12;985;0;1;62.1;0;5;4;1;0;14;5;0;3;0
jorge-villafana;CHV;20;15;1432;5;1;76.3;4;16;2;8;0;13;21;3;2;0
collen-warner;MTL;17;9;876;8;1;82.3;0;10;3;5;0;24;8;0;2;0
andrew-wenger;MTL;24;8;853;16;1;69.7;3;24;8;11;0;17;9;7;1;0
aaron-wheeler;PHI;10;1;129;9;1;73.9;1;8;5;2;0;4;1;2;1;0
bradley-wright-phillips;RBNY;7;4;337;3;1;68.8;1;12;6;1;0;5;5;1;1;0
deandre-yedlin;SEA;31;30;2710;1;1;74.3;2;13;4;17;0;35;27;4;2;1
ben-zemanski;POR;25;9;990;16;1;78;2;8;2;7;0;21;6;0;4;1
sal-zizzo;POR;10;2;255;8;1;79.6;0;2;2;3;0;1;7;0;0;0
aminu-abdallah;VAN;0;0;0;0;0;0;0;0;0;0;0;0;0;0;0;0
kellyn-acosta;DAL;13;11;1004;2;0;83.5;0;6;0;5;0;12;10;0;2;0
sam-adekugbe;VAN;1;1;90;0;0;80.7;0;0;0;1;0;1;1;0;0;0
;VAN;0;0;0;0;0;0;0;0;0;0;0;0;0;0;0;0
freddy-adu;PHI;0;0;0;0;0;0;0;0;0;0;0;0;0;0;0;0
gale-agbossoumonde;TOR;13;12;1081;1;0;73.2;0;2;0;3;0;21;7;0;4;0
andre-akpan;COL;1;0;7;1;0;25;0;0;0;0;0;0;0;0;0;0
andre-akpan;RBNY;7;1;127;6;0;76.4;2;4;0;2;0;0;2;2;0;0
alam-syamsir;DC;0;0;0;0;0;0;0;0;0;0;0;0;0;0;0;0
jaime-alas;SJ;5;1;117;4;0;85.7;0;1;0;3;0;0;3;0;0;0
chris-albright;PHI;2;0;4;2;0;80;0;0;0;0;0;1;0;0;1;0
bryce-alderson;VAN;0;0;0;0;0;0;0;0;0;0;0;0;0;0;0;0
osvaldo-alonso;SEA;26;26;2179;0;0;88.6;1;33;4;15;0;54;37;0;3;2
kevin-alston;NE;9;6;523;3;0;73.9;0;2;1;1;0;7;11;0;0;0
don-anding;PHI;1;0;30;1;0;100;0;1;0;2;0;0;0;0;0;0
scott-angevine;POR;0;0;0;0;0;0;0;0;0;0;0;0;0;0;0;0
daniel-antunez;CHV;3;1;81;2;0;71;0;0;0;0;0;3;1;0;0;0
manny-aparicio;TOR;0;0;0;0;0;0;0;0;0;0;0;0;0;0;0;0
anthony-arena;HOU;1;0;70;1;0;72.7;0;0;0;0;0;0;0;0;0;0
arevalo-rios;CHI;9;9;780;0;0;80.3;0;11;3;4;0;5;15;0;0;0
davy-armstrong;COL;0;0;0;0;0;0;0;0;0;0;0;0;0;0;0;0
corey-ashe;HOU;30;29;2585;1;0;79.7;2;6;1;20;0;14;25;1;4;0
yazid-atouba;CHI;3;0;55;3;0;82.3;0;1;0;1;0;1;3;0;0;0
nana-attakora;SJ;8;7;657;1;0;76.9;1;6;0;1;0;5;8;2;0;0
jeff-attinella;RSL;5;4;399;1;0;38.5;0;0;0;0;0;0;1;0;0;0
rafael-baca;SJ;31;28;2379;3;0;85.3;2;30;7;17;0;17;35;5;6;1
bradlee-baladez;DAL;1;0;27;1;0;50;0;0;0;0;0;2;0;0;0;0
rich-balchan;RSL;0;0;0;0;0;0;0;0;0;0;0;0;0;0;0;0
mehdi-ballouchy;SJ;5;1;118;4;0;86.4;0;1;0;1;0;2;3;0;1;0
brandon-barklage;RBNY;26;20;1723;6;0;77.9;5;12;3;12;0;31;16;0;1;1
darrius-barnes;NE;6;4;416;2;0;70.8;1;1;0;0;0;3;5;0;0;0
chad-barson;CLB;20;18;1612;2;0;79.3;1;3;0;8;0;14;18;0;0;0
will-bates;SEA;0;0;0;0;0;0;0;0;0;0;0;0;0;0;0;0
drew-beckie;CLB;0;0;0;0;0;0;0;0;0;0;0;0;0;0;0;0
kyle-bekker;TOR;9;3;335;6;0;81.6;0;11;1;3;0;5;2;1;0;0
;CHI;0;0;0;0;0;0;0;0;0;0;0;0;0;0;0;0
tony-beltran;RSL;25;24;2230;1;0;78.8;1;9;3;25;0;18;22;0;2;1
tal-ben-haim;TOR;0;0;0;0;0;0;0;0;0;0;0;0;0;0;0;0
joe-bendik;TOR;33;33;2969;0;0;43.9;0;0;0;0;0;0;1;0;2;1
ashton-bennett;TOR;0;0;0;0;0;0;0;0;0;0;0;0;0;0;0;0
hernan-bernardello;MTL;8;8;626;0;0;83.9;0;2;0;9;0;10;20;0;1;0
matt-besler;SKC;23;23;2070;0;0;80.2;2;6;0;20;0;18;14;1;2;0
federico-bessone;SKC;0;0;0;0;0;0;0;0;0;0;0;0;0;0;0;0
david-bingham;SJ;1;1;90;0;0;50;0;0;0;1;0;0;0;0;0;0
mark-bloom;TOR;6;6;540;0;0;71.8;1;1;1;5;0;4;5;0;0;0
carlos-bocanegra;CHV;12;12;1052;0;0;77.6;0;6;2;3;0;9;10;0;2;1
miller-bolanos;CHV;5;2;239;3;0;81.9;0;10;3;2;0;2;12;1;0;0
corben-bone;CHI;1;0;3;1;0;0;0;0;0;0;0;0;0;0;0;0
carlos-borja;CHV;26;22;2009;4;0;75;2;2;0;4;0;35;11;1;5;0
john-bostock;TOR;7;4;388;3;0;79.9;0;5;2;5;0;4;6;0;0;0
bobby-boswell;HOU;32;32;2830;0;0;73.5;1;16;3;8;0;29;15;1;3;1
ruben-bover;RBNY;7;1;125;6;0;84.9;1;2;0;1;0;2;0;0;0;0
eric-brunner;HOU;13;9;889;4;0;82;0;2;0;2;0;8;9;1;1;0
teal-bunbury;SKC;12;1;214;11;0;79.6;1;10;2;1;0;5;5;3;1;0
marc-burch;SEA;20;13;1158;7;0;72.9;4;8;0;14;0;13;13;0;0;0
bobby-burling;CHV;23;18;1651;5;0;71.1;0;11;4;5;0;36;13;0;6;0
jon-busch;SJ;33;33;2970;0;0;50.4;0;0;0;1;0;0;2;0;1;0
evan-bush;MTL;1;1;90;0;0;66.7;0;0;0;0;0;0;1;0;0;0
michael-bustamante;RBNY;4;1;95;3;0;85.7;1;0;0;0;0;1;1;0;1;0
diego-calderon;COL;4;4;304;0;0;78.5;0;0;0;0;0;4;5;0;0;0
scott-caldwell;NE;29;23;2174;6;0;83.3;2;6;1;16;0;35;20;1;2;0
danny-califf;TOR;4;4;354;0;0;66.7;0;1;0;0;0;4;3;0;2;0
caleb-calvert;CHV;0;0;0;0;0;0;0;0;0;0;0;0;0;0;0;0
luiz-camargo;HOU;7;0;108;7;0;68;0;1;0;0;0;6;6;1;2;0
joe-cannon;VAN;10;10;900;0;0;46.5;0;0;0;0;0;0;1;0;0;0
david-carney;RBNY;7;7;630;0;0;68.3;0;7;0;6;0;9;1;0;2;0
calen-carr;HOU;0;0;0;0;0;0;0;0;0;0;0;0;0;0;0;0
servando-carrasco;HOU;3;0;26;3;0;66.7;0;0;0;0;0;4;0;0;0;0
alex-caskey;SEA;10;5;430;5;0;76.1;0;3;0;6;0;4;6;0;0;0
santiago-castano;RBNY;0;0;0;0;0;0;0;0;0;0;0;0;0;0;0;0
steward-ceus;COL;1;1;90;0;0;53.9;0;0;0;0;0;0;0;0;0;0
mike-chabala;HOU;4;1;158;3;0;71.1;0;2;0;4;0;0;1;0;0;0
diego-chara;POR;31;31;2737;0;0;86.4;3;10;3;27;0;74;39;1;8;0
brian-ching;HOU;14;0;232;14;0;74.2;1;5;2;6;0;7;3;3;1;0
ian-christianson;RBNY;0;0;0;0;0;0;0;0;0;0;0;0;0;0;0;0
carlo-chueca;CHV;5;1;148;4;0;87.7;1;3;1;5;0;1;1;0;0;0
kalifa-cisse;NE;6;6;456;0;0;83.8;0;2;1;1;0;11;2;0;2;0
colin-clark;LA;11;4;334;7;0;73.2;0;6;2;2;0;3;6;0;0;0
caleb-clarke;VAN;0;0;0;0;0;0;0;0;0;0;0;0;0;0;0;0
adam-clement;VAN;0;0;0;0;0;0;0;0;0;0;0;0;0;0;0;0
greg-cochrane;LA;12;9;848;3;0;72.7;0;5;0;7;0;0;4;0;0;0
bobby-convey;SKC;3;2;122;1;0;89.5;0;2;0;1;0;3;1;0;1;0
ramiro-corrales;SJ;12;11;870;1;0;72.5;2;14;2;11;0;13;13;1;3;0
laurent-courtois;LA;6;0;83;6;0;87.5;1;4;1;1;0;1;4;0;1;0
maxime-crepeau;MTL;0;0;0;0;0;0;0;0;0;0;0;0;0;0;0;0
danny-cruz;PHI;0;0;0;0;0;0;0;0;0;0;0;0;0;0;0;0
sam-garza;SJ;5;0;93;5;0;57.1;0;3;1;1;0;0;0;0;0;0
carlo-cudicini;LA;21;21;1890;0;0;58.3;0;0;0;0;0;0;2;0;2;0
omar-cummings;HOU;11;1;190;10;0;80.8;0;8;3;4;0;4;3;1;0;0
keon-daniel;PHI;24;20;1721;4;0;84.8;1;27;5;32;0;35;24;1;4;0
mamadou-danso;POR;16;15;1360;1;0;81.2;1;6;0;0;0;20;6;1;2;1
jun-marques-davidson;VAN;26;24;1961;2;0;85.8;1;4;0;5;0;22;19;0;1;1
charlie-davies;NE;4;0;23;4;0;88.9;0;0;0;0;0;0;0;0;0;0
paulo-jr;VAN;0;0;0;0;0;0;0;0;0;0;0;0;0;0;0;0
a-j-delagarza;LA;28;28;2399;0;0;82.8;0;2;1;8;0;22;22;0;3;0
marky-delgado;CHV;16;13;1247;3;0;72.1;1;6;0;6;0;14;11;0;2;0
;SJ;0;0;0;0;0;0;0;0;0;0;0;0;0;0;0;0
paolo-delpiccolo;MTL;0;0;0;0;0;0;0;0;0;0;0;0;0;0;0;0
jay-demerit;VAN;8;7;607;1;0;83.5;0;2;1;1;0;8;3;0;1;0
tyler-deric;HOU;0;0;0;0;0;0;0;0;0;0;0;0;0;0;0;0
;CHV;0;0;0;0;0;0;0;0;0;0;0;0;0;0;0;0
bright-dike;POR;0;0;0;0;0;0;0;0;0;0;0;0;0;0;0;0
alex-dixon;HOU;2;0;19;2;0;95.2;0;0;0;2;0;0;0;0;0;0
rafinha;RBNY;0;0;0;0;0;0;0;0;0;0;0;0;0;0;0;0
andy-dorman;NE;12;3;400;9;0;75.9;1;5;2;2;0;8;9;0;0;2
;RBNY;0;0;0;0;0;0;0;0;0;0;0;0;0;0;0;0
gilberto-souza-jr;PHI;0;0;0;0;0;0;0;0;0;0;0;0;0;0;0;0
bilal-duckett;NE;1;1;90;0;0;50;0;0;0;1;0;0;1;0;0;0
christian-duke;SKC;0;0;0;0;0;0;0;0;0;0;0;0;0;0;0;0
terry-dunfield;TOR;4;4;311;0;0;80.3;0;4;1;1;0;7;5;0;1;0
todd-dunivant;LA;25;25;2228;0;0;73.2;2;8;3;15;0;18;10;0;2;0
andrew-duran;SEA;0;0;0;0;0;0;0;0;0;0;0;0;0;0;0;0
;SEA;0;0;0;0;0;0;0;0;0;0;0;0;0;0;0;0
andrew-dykstra;DC;0;0;0;0;0;0;0;0;0;0;0;0;0;0;0;0
richard-eckersley;TOR;16;16;1438;0;0;74.6;0;8;3;7;0;26;17;0;4;0
yann-ekra;PHI;0;0;0;0;0;0;0;0;0;0;0;0;0;0;0;0
kevin-ellis;SKC;2;1;113;1;0;63.9;0;1;0;1;0;4;2;0;0;0
jonas-elmer;TOR;3;1;128;2;0;55.8;0;1;0;0;0;2;0;0;0;0
charles-eloundou;COL;0;0;0;0;0;0;0;0;0;0;0;0;0;0;0;0
logan-emory;TOR;3;3;238;0;0;60;0;1;0;3;0;4;8;0;1;0
hogan-ephraim;TOR;11;9;775;2;0;78.8;0;5;3;7;0;5;11;6;2;0
alecko-eskandarian;DC;0;0;0;0;0;0;0;0;0;0;0;0;0;0;0;0
david-estrada;SEA;17;4;498;13;0;80.5;0;5;3;4;0;4;6;2;0;0
steven-evans;POR;0;0;0;0;0;0;0;0;0;0;0;0;0;0;0;0
ashani-fairclough;SEA;0;0;0;0;0;0;0;0;0;0;0;0;0;0;0;0
gabriel-farfan;PHI;6;3;312;3;0;74.3;0;6;1;1;0;5;3;1;1;0
gabriel-farfan;CHV;14;10;844;4;0;78.7;0;11;3;7;0;23;19;1;2;1
andrew-farrell;NE;32;32;2813;0;0;73.7;1;9;2;22;0;12;37;0;3;1
mobi-fehr;POR;0;0;0;0;0;0;0;0;0;0;0;0;0;0;0;0
leo-fernandes;PHI;7;3;281;4;0;77.2;0;6;1;2;0;8;4;0;1;0
raul-fernandez;DAL;26;26;2340;0;0;49.5;0;1;0;1;0;0;3;0;1;0
alvaro-fernandez;CHI;0;0;0;0;0;0;0;0;0;0;0;0;0;0;0;0
lalo-fernandez;RSL;0;0;0;0;0;0;0;0;0;0;0;0;0;0;0;0
ethan-finlay;CLB;19;3;391;16;0;67.6;0;4;2;10;0;8;6;0;2;0
ben-fisk-x9865;VAN;0;0;0;0;0;0;0;0;0;0;0;0;0;0;0;0
matthew-fondy;CHV;7;1;236;6;0;72.9;0;12;2;4;0;6;6;3;0;0
josh-ford;SEA;0;0;0;0;0;0;0;0;0;0;0;0;0;0;0;0
shaun-francis;CHI;1;1;90;0;0;66.7;0;1;0;1;0;3;0;0;0;0
shaun-francis;PHI;0;0;0;0;0;0;0;0;0;0;0;0;0;0;0;0
;CHV;0;0;0;0;0;0;0;0;0;0;0;0;0;0;0;0
stefan-frei;TOR;1;1;90;0;0;52.9;0;0;0;0;0;0;0;0;0;0
jaime-frias-flores;CHV;4;3;261;1;0;78.4;0;0;0;1;0;3;0;0;0;0
arne-friedrich;CHI;0;0;0;0;0;0;0;0;0;0;0;0;0;0;0;0
mike-fucito;SJ;7;2;228;5;0;73.2;0;8;1;1;0;8;2;1;2;0
raymon-gaddis;PHI;31;31;2703;0;0;76.7;0;4;2;4;0;25;23;0;3;0
;CHI;0;0;0;0;0;0;0;0;0;0;0;0;0;0;0;0
rafael-garcia;LA;9;1;222;8;0;84.2;0;1;1;1;0;4;5;0;0;0
danny-garcia;DAL;0;0;0;0;0;0;0;0;0;0;0;0;0;0;0;0
josh-gardner;SKC;8;2;244;6;0;76.5;1;3;0;4;0;3;4;0;0;0
dan-gargan;SJ;8;6;591;2;0;73.4;1;3;0;1;0;8;8;0;1;0
bryan-gaul;LA;0;0;0;0;0;0;0;0;0;0;0;0;0;0;0;0
eddie-gaven;CLB;10;10;900;0;0;78.5;4;7;4;9;0;13;38;2;1;0
blair-gavin;SEA;0;0;0;0;0;0;0;0;0;0;0;0;0;0;0;0
eric-gehrig;CLB;6;6;540;0;0;68.7;0;2;1;0;0;4;0;0;0;0
kevan-george;CLB;11;3;435;8;0;78.3;0;3;1;2;0;8;4;0;3;0
justen-glad;RSL;0;0;0;0;0;0;0;0;0;0;0;0;0;0;0;0
jake-gleeson;POR;0;0;0;0;0;0;0;0;0;0;0;0;0;0;0;0
;TOR;0;0;0;0;0;0;0;0;0;0;0;0;0;0;0;0
leonardo-gonzalez;SEA;27;27;2318;0;0;71.8;1;7;0;11;0;38;18;0;4;1
jesse-gonzalez;DAL;0;0;0;0;0;0;0;0;0;0;0;0;0;0;0;0
alexandre-gonzalez-emerson;SJ;0;0;0;0;0;0;0;0;0;0;0;0;0;0;0;0
clarence-goodson;SJ;9;9;791;0;0;73.5;0;9;3;1;0;4;9;0;4;0
;RSL;0;0;0;0;0;0;0;0;0;0;0;0;0;0;0;0
brenton-griffiths;COL;1;0;1;1;0;0;0;0;0;0;0;0;0;0;0;0
andy-gruenebaum;CLB;21;21;1890;0;0;44.2;0;0;0;0;0;1;3;0;0;0
michael-gspurning;SEA;28;28;2475;0;0;59.4;0;0;0;1;0;0;4;0;0;0
kellen-gulley;CHI;0;0;0;0;0;0;0;0;0;0;0;0;0;0;0;0
marcus-hahnemann;SEA;4;4;360;0;0;50.8;0;0;0;0;0;0;0;0;0;1
tally-hall;HOU;34;34;3060;0;0;48.8;0;0;0;1;0;1;5;0;0;0
bill-hamid;DC;25;25;2250;0;0;54.4;0;1;0;0;0;2;3;0;2;0
jordan-hamilton;TOR;0;0;0;0;0;0;0;0;0;0;0;0;0;0;0;0
kevin-harbottle;COL;4;4;269;0;0;70.5;0;3;0;5;0;1;1;0;1;0
ty-harden;SJ;7;7;596;0;0;73.8;0;3;0;2;0;5;3;0;1;0
michael-harrington;POR;33;33;2951;0;0;80.8;1;3;0;28;0;26;23;2;2;0
kevin-hartman;RBNY;0;0;0;0;0;0;0;0;0;0;0;0;0;0;0;0
eric-hassli;DAL;15;4;429;11;0;67.5;1;16;4;3;0;10;6;9;2;0
doneil-henry;TOR;20;19;1651;1;0;68.4;2;7;0;4;0;27;8;1;6;2
jason-hernandez;SJ;21;19;1680;2;0;80.6;0;0;0;1;0;13;9;0;2;0
moises-hernandez;DAL;0;0;0;0;0;0;0;0;0;0;0;0;0;0;0;0
cristhian-hernandez;PHI;0;0;0;0;0;0;0;0;0;0;0;0;0;0;0;0
;SEA;0;0;0;0;0;0;0;0;0;0;0;0;0;0;0;0
kamani-hill;COL;6;2;188;4;0;80.7;0;5;0;4;0;5;1;1;0;0
chandler-hoffman;LA;0;0;0;0;0;0;0;0;0;0;0;0;0;0;0;0
markus-holgersson;RBNY;32;32;2866;0;0;83.3;1;8;1;4;0;41;16;1;3;0
david-horst;POR;2;2;108;0;0;71.4;0;0;0;0;0;4;1;1;0;0
matt-horth;NE;0;0;0;0;0;0;0;0;0;0;0;0;0;0;0;0
aaron-horton;CLB;0;0;0;0;0;0;0;0;0;0;0;0;0;0;0;0
erik-hurtado;VAN;15;4;489;11;0;77.9;2;13;3;5;0;13;5;5;0;0
jhon-kennedy-hurtado;SEA;27;25;2243;2;0;84.4;0;8;0;3;0;28;9;2;5;0
baggio-husidic;LA;0;0;0;0;0;0;0;0;0;0;0;0;0;0;0;0
kyle-hyland;CLB;0;0;0;0;0;0;0;0;0;0;0;0;0;0;0;0
patrick-ianni;SEA;9;7;705;2;0;75.1;0;5;1;1;0;9;7;0;1;0
dennis-iapichino;MTL;9;7;714;2;0;73.1;0;1;0;6;0;4;6;0;3;0
dennis-iapichino;DC;6;4;382;2;0;74;0;2;0;2;0;8;1;0;1;0
ugo-ihemelu;DAL;0;0;0;0;0;0;0;0;0;0;0;0;0;0;0;0
marvin-iraheta;CHV;13;5;551;8;0;74;0;3;0;1;0;16;4;0;2;0
clint-irwin;COL;32;31;2873;1;0;52.7;0;0;0;1;0;0;4;0;1;0
;CHV;0;0;0;0;0;0;0;0;0;0;0;0;0;0;0;0
dejan-jakovic;DC;18;17;1575;1;0;83.9;0;1;0;0;0;18;15;1;3;0
ante-jazic;CHV;0;0;0;0;0;0;0;0;0;0;0;0;0;0;0;0
mechack-jerome;SKC;10;8;677;2;0;67.8;1;5;3;4;0;2;3;0;2;0
jack-jewsbury;POR;26;26;2240;0;0;80.8;1;17;2;12;0;24;16;0;0;0
adam-johansson;SEA;0;0;0;0;0;0;0;0;0;0;0;0;0;0;0;0
sean-johnson;CHI;28;28;2520;0;0;42;0;0;0;1;0;2;3;0;2;0
;SJ;0;0;0;0;0;0;0;0;0;0;0;0;0;0;0;0
greg-jordan;PHI;0;0;0;0;0;0;0;0;0;0;0;0;0;0;0;0
bryan-jordan;SJ;0;0;0;0;0;0;0;0;0;0;0;0;0;0;0;0
peterson-joseph;SKC;23;14;1175;9;0;82.3;0;9;1;12;0;31;14;1;7;0
pa-modou-kah;POR;20;20;1721;0;0;74.4;0;7;4;6;0;23;16;3;7;1
alec-kann;CHI;0;0;0;0;0;0;0;0;0;0;0;0;0;0;0;0
matt-kassel;PHI;5;0;90;5;0;83.7;0;1;0;1;0;0;1;1;0;0
ryan-kawulok;POR;0;0;0;0;0;0;0;0;0;0;0;0;0;0;0;0
taylor-kemp;DC;8;6;530;2;0;65.3;0;1;0;6;0;7;4;0;0;0
jon-kempin;SKC;0;0;0;0;0;0;0;0;0;0;0;0;0;0;0;0
dan-kennedy;CHV;31;31;2754;0;0;49.9;0;1;0;1;0;2;12;0;2;1
kosuke-kimura;RBNY;24;15;1575;9;0;83.8;2;2;0;6;0;11;9;1;0;0
kory-kindle;COL;0;0;0;0;0;0;0;0;0;0;0;0;0;0;0;0
brendan-king;CHI;0;0;0;0;0;0;0;0;0;0;0;0;0;0;0;0
steven-kinney;CHI;2;2;180;0;0;69.6;0;1;0;1;0;1;2;0;0;0
greg-klazura;VAN;2;1;85;1;0;76;0;0;0;0;0;1;0;0;0;0
chris-klute;COL;31;30;2696;1;0;73.5;7;5;2;23;0;26;4;3;2;0
brad-knighton;VAN;11;11;990;0;0;36.8;2;0;0;0;0;0;1;0;0;0
milos-kocic;POR;2;2;180;0;0;48.2;1;0;0;0;0;0;0;0;0;0
danny-koevermans;TOR;4;1;78;3;0;63.3;0;2;2;2;0;3;1;1;1;0
chris-konopka;PHI;0;0;0;0;0;0;0;0;0;0;0;0;0;0;0;0
;CHI;0;0;0;0;0;0;0;0;0;0;0;0;0;0;0;0
chris-korb;DC;30;30;2700;0;0;78.1;0;12;2;23;0;24;17;1;5;0
eric-kronberg;SKC;0;0;0;0;0;0;0;0;0;0;0;0;0;0;0;0
connor-lade;RBNY;5;2;166;3;0;72.5;0;0;0;1;0;0;1;0;0;0
michael-lahoud;PHI;9;3;464;6;0;79.7;0;5;1;1;0;8;5;0;1;0
reggie-lambe;TOR;28;20;1799;8;0;77.7;1;11;0;17;0;29;33;3;3;1
matt-lampson;CLB;13;13;1170;0;0;45.8;0;0;0;0;0;0;1;0;0;0
gabe-latigue;NE;0;0;0;0;0;0;0;0;0;0;0;0;0;0;0;0
lee-young-pyo;VAN;32;30;2747;2;0;81.5;6;12;3;20;0;24;34;0;3;0
wandrille-lefevre;MTL;6;4;397;2;0;76.2;1;2;1;0;0;3;3;0;2;0
johnny-leveron;VAN;18;18;1620;0;0;75.9;0;8;1;2;0;8;10;1;3;0
alexander-lopez;HOU;2;1;88;1;0;89.8;1;1;1;3;0;0;0;0;0;0
mikey-lopez;SKC;0;0;0;0;0;0;0;0;0;0;0;0;0;0;0;0
adrian-lopez;MTL;0;0;0;0;0;0;0;0;0;0;0;0;0;0;0;0
benji-lopez;RSL;0;0;0;0;0;0;0;0;0;0;0;0;0;0;0;0
zach-loyd;DAL;25;24;2132;1;0;78.7;0;5;2;15;0;25;24;2;1;0
peter-luccin;DAL;3;2;201;1;0;86.2;0;2;0;5;0;5;3;0;3;0
phillip-lund;SEA;1;0;16;1;0;100;0;0;0;0;0;0;0;0;0;0
sherjill-macdonald;CHI;13;7;579;6;0;67.2;1;11;5;8;0;7;12;13;0;0
zac-macmath;PHI;34;34;3060;0;0;47.1;0;0;0;3;0;0;10;0;1;0
calum-mallace;MTL;2;0;36;2;0;63.6;0;0;0;0;0;0;0;0;0;0
abdoulie-mansally;RSL;14;9;774;5;0;78.2;1;5;1;4;0;25;11;0;3;1
erich-marscheider;HOU;0;0;0;0;0;0;0;0;0;0;0;0;0;0;0;0
collin-martin;DC;7;4;359;3;0;83.8;1;6;1;6;0;8;2;0;1;0
mario-martinez-x1781;SEA;10;5;503;5;0;77.8;1;14;5;12;0;1;12;3;0;0
enzo-martinez;RSL;0;0;0;0;0;0;0;0;0;0;0;0;0;0;0;0
josue-martinez;RBNY;1;0;11;1;0;100;0;0;0;0;0;1;0;0;0;0
pablo-mastroeni;COL;7;5;305;2;0;86.8;0;2;0;3;0;5;3;0;0;0
pablo-mastroeni;LA;9;3;266;6;0;86.7;1;1;0;3;0;2;3;0;1;0
aaron-maund;RSL;3;3;270;0;0;72.9;0;1;0;0;0;5;1;0;1;0
stephen-mccarthy;NE;19;17;1564;2;0;83.3;0;8;2;3;0;20;16;2;2;0
brandon-mcdonald;DC;12;11;965;1;0;73.3;1;12;4;0;0;11;5;0;1;0
brandon-mcdonald;RSL;3;3;270;0;0;77.2;0;0;0;0;0;3;1;0;0;0
peter-mcglynn;SJ;0;0;0;0;0;0;0;0;0;0;0;0;0;0;0;0
rauwshan-mckenzie;POR;1;1;90;0;0;81;0;0;0;0;0;1;1;0;0;0
rauwshan-mckenzie;CHV;0;0;0;0;0;0;0;0;0;0;0;0;0;0;0;0
patrick-mclain;CHV;2;1;124;1;0;22.7;0;0;0;0;0;0;0;0;0;0
jimmy-mclaughlin;PHI;0;0;0;0;0;0;0;0;0;0;0;0;0;0;0;0
ryan-meara;RBNY;0;0;0;0;0;0;0;0;0;0;0;0;0;0;0;0
jimmy-medranda;SKC;1;0;1;1;0;100;0;1;1;0;0;0;0;0;0;0
tim-melia;CHV;2;2;180;0;0;63;0;0;0;1;0;0;0;0;0;0
;SEA;0;0;0;0;0;0;0;0;0;0;0;0;0;0;0;0
;VAN;0;0;0;0;0;0;0;0;0;0;0;0;0;0;0;0
german-mera;COL;13;6;577;7;0;82.7;0;7;0;3;0;7;0;0;2;0
zakaria-messoudi;MTL;0;0;0;0;0;0;0;0;0;0;0;0;0;0;0;0
;POR;0;0;0;0;0;0;0;0;0;0;0;0;0;0;0;0
tommy-meyer;LA;7;5;494;2;0;75.9;0;1;0;1;0;7;4;0;0;0
matt-miazga;RBNY;1;0;14;1;0;100;0;0;0;0;0;1;0;0;0;0
roy-miller;RBNY;17;16;1367;1;0;74.3;1;1;0;12;0;16;6;3;2;0
ryan-miller;POR;7;4;350;3;0;80;0;0;0;2;0;4;3;0;0;0
kyle-miller;SKC;0;0;0;0;0;0;0;0;0;0;0;0;0;0;0;0
carlyle-mitchell;VAN;15;13;1179;2;0;78.9;2;5;1;3;0;12;11;1;3;0
colin-mitchell;SJ;0;0;0;0;0;0;0;0;0;0;0;0;0;0;0;0
adam-moffat;SEA;6;4;386;2;0;74.4;0;8;2;1;0;9;3;0;1;0
fredy-montero;SEA;0;0;0;0;0;0;0;0;0;0;0;0;0;0;0;0
amando-moreno;RBNY;2;0;2;2;0;100;0;0;0;0;0;0;0;0;0;0
ashtone-morgan;TOR;22;20;1805;2;0;68;1;4;1;5;0;27;24;0;4;1
taylor-morgan;TOR;1;0;15;1;0;50;0;0;0;0;0;1;0;0;0;0
hanyer-mosquera;POR;0;0;0;0;0;0;0;0;0;0;0;0;0;0;0;0
brian-mullan;COL;16;15;1359;1;0;68.4;2;2;0;24;0;13;15;2;1;0
tommy-muller;SJ;0;0;0;0;0;0;0;0;0;0;0;0;0;0;0;0
danny-mwanga;COL;13;5;556;8;0;80;1;9;4;6;0;6;8;0;0;0
paulo-nagamura;SKC;17;17;1468;0;0;80.5;1;17;4;6;0;25;20;0;3;0
michael-nanchoff;POR;1;0;8;1;0;75;0;0;0;0;0;1;0;0;0;0
lewis-neal;DC;9;5;491;4;0;87.2;1;8;3;7;0;4;3;1;1;0
erick-neres-da-cruz;DAL;9;8;652;1;0;79.8;0;7;0;0;0;13;16;0;1;0
alessandro-nesta;MTL;23;23;1939;0;0;86.3;1;2;0;4;0;11;19;0;0;1
evan-newton;SJ;0;0;0;0;0;0;0;0;0;0;0;0;0;0;0;0
jimmy-nielsen;SKC;34;34;3060;0;0;64.8;0;0;0;0;0;0;5;0;2;0
oka-nikolov;PHI;0;0;0;0;0;0;0;0;0;0;0;0;0;0;0;0
sainey-nyassi;DC;14;7;676;7;0;80.1;0;10;1;1;0;15;12;4;1;0
sainey-nyassi;NE;0;0;0;0;0;0;0;0;0;0;0;0;0;0;0;0
andy-o-brien;VAN;16;16;1400;0;0;79;0;4;2;2;0;10;5;0;0;0
shane-o-neill;COL;26;24;2196;2;0;75.8;0;8;4;6;0;28;24;1;6;1
danny-o-rourke;CLB;22;19;1723;3;0;83.4;0;3;0;2;0;45;17;0;6;0
marius-obekop;RBNY;5;0;69;5;0;83.3;0;2;0;0;0;2;2;0;0;0
sammy-ochoa;SEA;4;2;175;2;0;79.3;0;2;0;2;0;4;1;0;0;0
;SEA;0;0;0;0;0;0;0;0;0;0;0;0;0;0;0;0
emilio-orozco;CHV;0;0;0;0;0;0;0;0;0;0;0;0;0;0;0;0
david-ousted;VAN;13;13;1170;0;0;51.7;0;0;0;1;0;0;3;0;0;0
brian-ownby;HOU;3;0;52;3;0;72.2;0;3;1;1;0;1;1;0;0;0
lovel-palmer;RSL;17;14;1198;3;0;73.7;1;8;0;2;0;16;8;0;4;1
erik-palmer-brown;SKC;0;0;0;0;0;0;0;0;0;0;0;0;0;0;0;0
victor-palsson;RBNY;0;0;0;0;0;0;0;0;0;0;0;0;0;0;0;0
jeff-parke;PHI;31;31;2745;0;0;81.9;1;11;2;10;0;23;24;0;3;0
;VAN;0;0;0;0;0;0;0;0;0;0;0;0;0;0;0;0
logan-pause;CHI;15;11;904;4;0;83.5;0;1;0;6;0;7;2;0;1;0
heath-pearce;RBNY;14;11;1083;3;0;78;2;2;1;5;0;7;4;1;0;0
jaime-penedo;LA;9;9;810;0;0;48.5;0;0;0;0;0;0;1;0;0;0
brian-perk;LA;0;0;0;0;0;0;0;0;0;0;0;0;0;0;0;0
troy-perkins;MTL;33;33;2970;0;0;52.8;0;0;0;0;0;1;9;0;0;0
;SKC;16;10;844;6;0;75.6;1;17;4;8;0;11;11;0;0;0
zach-pfeffer;PHI;0;0;0;0;0;0;0;0;0;0;0;0;0;0;0;0
matt-pickens;COL;2;2;97;0;0;77.8;0;0;0;0;0;0;1;0;0;0
victor-pineda;CHI;0;0;0;0;0;0;0;0;0;0;0;0;0;0;0;0
cesar-diaz-pizarro;SJ;0;0;0;0;0;0;0;0;0;0;0;0;0;0;0;0
tyler-polak;NE;0;0;0;0;0;0;0;0;0;0;0;0;0;0;0;0
martin-ponce;CHV;5;1;170;4;0;83.1;0;4;1;1;0;3;2;0;1;0
alvas-powell;POR;5;4;382;1;0;59.2;0;4;0;2;0;3;4;1;1;0
federico-puppo;CHI;0;0;0;0;0;0;0;0;0;0;0;0;0;0;0;0
steve-purdy;CHV;8;5;478;3;0;70.1;0;4;1;0;0;6;2;0;1;0
guillermo-ramirez;LA;0;0;0;0;0;0;0;0;0;0;0;0;0;0;0;0
matt-reis;NE;12;12;995;0;0;63.7;0;0;0;0;0;1;4;0;1;1
dylan-remick;SEA;1;0;25;1;0;44.4;0;0;0;1;0;1;0;0;0;0
;SEA;0;0;0;0;0;0;0;0;0;0;0;0;0;0;0;0
leonardo;LA;14;12;1106;2;0;87.2;0;6;3;1;0;13;9;0;1;1
juninho-pernambucano;RBNY;13;10;984;3;0;81.8;4;19;3;23;0;14;12;1;5;1
brent-richards;POR;0;0;0;0;0;0;0;0;0;0;0;0;0;0;0;0
ryan-richter;TOR;13;12;1118;1;0;66.7;1;7;1;6;0;17;14;0;1;0
donovan-ricketts;POR;32;32;2880;0;0;50.2;0;0;0;1;0;0;7;0;2;0
;LA;0;0;0;0;0;0;0;0;0;0;0;0;0;0;0;0
james-riley;DC;21;19;1760;2;0;86.1;1;7;3;16;0;24;6;0;4;0
nick-rimando;RSL;27;27;2430;0;0;56.9;1;0;0;1;0;0;1;0;2;0
sebastian-rincon;POR;0;0;0;0;0;0;0;0;0;0;0;0;0;0;0;0
brad-ring;SJ;3;3;270;0;0;84;0;1;0;0;0;1;1;0;0;0
brad-ring;POR;1;0;1;1;0;0;0;0;0;0;0;0;0;0;0;0
nelson-rivas;MTL;0;0;0;0;0;0;0;0;0;0;0;0;0;0;0;0
jose-manuel-rivera;CHV;9;3;266;6;0;78.9;0;6;1;2;0;7;4;1;1;0
quillan-roberts;TOR;0;0;0;0;0;0;0;0;0;0;0;0;0;0;0;0
luis-robles;RBNY;34;34;3060;0;0;51.3;1;0;0;0;0;1;2;0;1;0
;TOR;0;0;0;0;0;0;0;0;0;0;0;0;0;0;0;0
;TOR;0;0;0;0;0;0;0;0;0;0;0;0;0;0;0;0
alain-rochat;DC;5;4;404;1;0;75.5;0;4;0;3;0;4;4;1;1;0
maximiliano-rodriguez;MTL;0;0;0;0;0;0;0;0;0;0;0;0;0;0;0;0
robbie-rogers;LA;11;7;602;4;0;79.6;1;18;6;11;0;12;16;1;0;0
;VAN;0;0;0;0;0;0;0;0;0;0;0;0;0;0;0;0
;VAN;0;0;0;0;0;0;0;0;0;0;0;0;0;0;0;0
brian-rowe;LA;4;4;360;0;0;44.4;0;0;0;0;0;0;1;0;0;0
lance-rozeboom;DC;0;0;0;0;0;0;0;0;0;0;0;0;0;0;0;0
carlos-ruiz;DC;13;5;528;8;0;70.7;0;20;9;7;0;3;8;5;0;0
brendan-ruiz;SKC;0;0;0;0;0;0;0;0;0;0;0;0;0;0;0;0
brad-rusin;VAN;19;16;1391;3;0;80.6;0;9;2;2;0;8;7;1;1;0
robbie-russell;DC;1;0;6;1;0;60;0;0;0;0;0;0;0;0;0;0
bryan-salazar;HOU;0;0;0;0;0;0;0;0;0;0;0;0;0;0;0;0
carlos-salcedo;RSL;13;12;1069;1;0;85;0;1;0;1;0;18;4;1;3;0
omar-salgado;VAN;0;0;0;0;0;0;0;0;0;0;0;0;0;0;0;0
marcos-sanchez;DC;9;6;508;3;0;81.1;0;6;0;8;0;4;8;0;0;0
jossimar-sanchez;NE;0;0;0;0;0;0;0;0;0;0;0;0;0;0;0;0
richard-sanchez;DAL;0;0;0;0;0;0;0;0;0;0;0;0;0;0;0;0
julio-cesar;TOR;0;0;0;0;0;0;0;0;0;0;0;0;0;0;0;0
raphael-augusto;DC;7;5;395;2;0;82.8;0;3;1;6;0;6;3;0;0;0
marcelo-saragosa;DC;8;4;410;4;0;78.1;0;1;0;1;0;7;7;0;2;0
kofi-sarkodie;HOU;33;33;2948;0;0;77.2;4;12;2;19;0;38;24;2;7;0
josh-saunders;RSL;3;3;231;0;0;51.1;0;0;0;0;0;0;1;0;0;0
chris-schuler;RSL;16;16;1440;0;0;81.2;0;5;1;4;0;14;11;0;2;0
zach-scott;SEA;21;16;1458;5;0;76.2;0;7;4;4;0;33;6;0;5;2
michael-seaton;DC;3;1;114;2;0;80;0;0;0;1;0;4;2;0;0;0
gonzalo-segares;CHI;32;32;2855;0;0;74.7;1;12;3;23;0;43;27;1;7;0
chris-seitz;DAL;8;8;720;0;0;69.8;0;0;0;0;0;0;0;0;0;0
dillon-serna;COL;1;0;13;1;0;88.9;0;1;0;1;0;1;0;0;0;0
conor-shanosky;DC;5;3;355;2;0;76.9;0;2;0;0;0;3;4;0;0;0
bobby-shuttleworth;NE;23;22;2063;1;0;54;0;0;0;0;0;0;3;0;2;0
luis-silva;TOR;14;11;940;3;0;69;2;20;8;16;0;12;13;4;2;0
mikael-silvestre;POR;8;8;688;0;0;80;0;2;0;1;0;11;5;1;2;0
clyde-simms;NE;10;9;668;1;0;86.3;1;0;0;2;0;5;3;0;1;0
seth-sinovic;SKC;32;31;2773;1;0;79.5;3;16;5;18;0;34;15;0;5;0
shawn-sloan;CLB;0;0;0;0;0;0;0;0;0;0;0;0;0;0;0;0
donnie-smith;NE;1;1;53;0;0;66.7;0;0;0;1;0;0;0;0;0;0
babayele-sodade;SEA;0;0;0;0;0;0;0;0;0;0;0;0;0;0;0;0
luis-soffner;NE;0;0;0;0;0;0;0;0;0;0;0;0;0;0;0;0
yann-songo-o;SKC;0;0;0;0;0;0;0;0;0;0;0;0;0;0;0;0
oscar-sorto;LA;0;0;0;0;0;0;0;0;0;0;0;0;0;0;0;0
josue-soto;CHV;18;12;1158;6;0;74.9;0;3;3;8;0;11;5;0;2;1
bakary-soumare;PHI;3;3;261;0;0;74.6;0;1;0;0;0;4;1;0;1;0
john-stertzer;RSL;2;0;33;2;0;92.9;0;2;0;1;0;1;0;0;0;0
jordan-stewart;SJ;12;12;1080;0;0;76.3;0;4;1;10;0;12;13;0;0;0
matt-stinson;TOR;0;0;0;0;0;0;0;0;0;0;0;0;0;0;0;0
brad-stuver;CLB;0;0;0;0;0;0;0;0;0;0;0;0;0;0;0;0
brad-stuver;CHV;0;0;0;0;0;0;0;0;0;0;0;0;0;0;0;0
;VAN;0;0;0;0;0;0;0;0;0;0;0;0;0;0;0;0
jermaine-taylor;HOU;26;26;2142;0;0;83.1;1;8;0;8;0;20;12;2;0;1
tony-tchani;CLB;22;13;1324;9;0;75.2;1;9;1;14;0;26;27;0;3;0
michael-tetteh;SEA;0;0;0;0;0;0;0;0;0;0;0;0;0;0;0;0
michael-thomas;TOR;1;0;12;1;0;100;0;0;0;0;0;0;0;0;0;0
michael-thomas;SKC;0;0;0;0;0;0;0;0;0;0;0;0;0;0;0;0
simon-thomas;VAN;0;0;0;0;0;0;0;0;0;0;0;0;0;0;0;0
wells-thompson;CHI;8;6;542;2;0;79.6;0;6;0;3;0;7;11;0;2;1
john-thorrington;DC;14;12;1052;2;0;84.8;1;12;4;11;0;17;21;1;4;0
christian-tiffert;SEA;0;0;0;0;0;0;0;0;0;0;0;0;0;0;0;0
abu-tommy;SJ;0;0;0;0;0;0;0;0;0;0;0;0;0;0;0;0
jonathan-top;DAL;0;0;0;0;0;0;0;0;0;0;0;0;0;0;0;0
paolo-tornaghi;CHI;6;6;540;0;0;41;0;0;0;0;0;0;0;0;0;0
roger-torres;PHI;5;0;68;5;0;76.8;0;1;0;2;0;1;1;0;0;0
casey-townsend;DC;9;3;316;6;0;66;0;4;1;1;0;6;0;8;1;0
marcus-tracy;SJ;5;0;58;5;0;75;0;2;1;0;0;3;0;1;0;0
wil-trapp;CLB;16;16;1389;0;0;84;1;8;0;20;0;17;9;0;3;0
dylan-tucker-gangnes;POR;0;0;0;0;0;0;0;0;0;0;0;0;0;0;0;0
sinisa-ubiparipovic;MTL;1;0;5;1;0;80;0;0;0;0;0;0;0;0;0;0
victor-ulloa;DAL;0;0;0;0;0;0;0;0;0;0;0;0;0;0;0;0
maximiliano-urruti;TOR;2;0;37;2;0;70;0;0;0;0;0;0;2;0;0;0
carlos-valdes-x0274;PHI;0;0;0;0;0;0;0;0;0;0;0;0;0;0;0;0
zarek-valentin;MTL;0;0;0;0;0;0;0;0;0;0;0;0;0;0;0;0
sebastian-velasquez;RSL;19;9;892;10;0;84.4;3;20;8;10;0;15;15;1;0;0
agustin-viana;CLB;20;20;1519;0;0;73.6;0;12;1;8;0;33;29;2;4;0
david-viana;RSL;0;0;0;0;0;0;0;0;0;0;0;0;0;0;0;0
michael-videira;CHI;2;1;84;1;0;48;0;0;0;0;0;1;0;0;0;0
walter-vilchez;CHV;11;11;970;0;0;77.3;1;2;1;4;0;13;10;1;3;0
tyson-wahl;CLB;25;24;2155;1;0;73.2;1;3;2;19;0;29;12;0;4;0
kenney-walker;LA;0;0;0;0;0;0;0;0;0;0;0;0;0;0;0;0
anthony-wallace;COL;6;0;107;6;0;72.3;0;0;0;2;0;4;4;0;1;0
bobby-warshaw;DAL;9;1;130;8;0;74.5;0;2;0;0;0;1;1;0;0;0
konrad-warzycha;CLB;13;2;272;11;0;73;0;10;0;2;0;6;4;0;1;0
;RSL;0;0;0;0;0;0;0;0;0;0;0;0;0;0;0;0
matt-watson;VAN;21;15;1292;6;0;76.3;1;14;2;10;0;18;17;2;1;0
kwame-watson-siriboe;RSL;7;7;630;0;0;92.8;0;1;0;3;0;10;3;0;1;0
andrew-weber;SEA;3;2;225;1;0;55.6;0;0;0;0;0;0;0;0;0;0
emery-welshman;TOR;1;0;5;1;0;100;0;0;0;0;0;0;1;0;0;0
ethan-white;DC;14;13;1098;1;0;74.3;0;4;0;2;0;11;12;0;2;0
joe-willis;DC;9;9;810;0;0;41;0;0;0;1;0;0;4;0;0;0
chris-wingert;RSL;21;20;1742;1;0;78;0;8;1;18;0;29;6;0;6;1
daniel-withrow;CLB;0;0;0;0;0;0;0;0;0;0;0;0;0;0;0;0
london-woodberry;DAL;8;3;363;5;0;76.3;0;1;1;1;0;1;3;0;1;0
o-brian-woodbine;NE;0;0;0;0;0;0;0;0;0;0;0;0;0;0;0;0
daniel-woolard;DC;27;27;2235;0;0;83;1;5;3;1;0;20;25;0;3;0
marvell-wynne;COL;28;27;2315;1;0;76;2;6;2;15;0;22;14;0;1;0
steve-zakuani;SEA;8;6;492;2;0;83.5;1;10;2;10;0;7;8;2;0;0
eriq-zavaleta;SEA;5;0;31;5;0;75;0;2;1;0;0;0;1;1;0;0
kyle-zobeck;DAL;0;0;0;0;0;0;0;0;0;0;0;0;0;0;0;0
