name;club;games_played;games_started;mins;goals;left_footed_shots;right_footed_shots;goals_average_over_90_minutes;headed_shots;penalty_kick_goals;penalty_kick_taken;expected_goals;total_scoring_attempts;on_target_scoring_attempts;accurate_shooting_percentage;shots_conversion;offside;corner_kicks;goals_plus_assists
valentin-castellanos;NYC;32;32;2760;19;0;0;0.62;0;4;5;0;132;57;43.2;14.4;24;0;27
ola-kamara;DC;28;22;1819;19;0;0;0.94;0;9;10;0;64;34;53.1;29.7;16;1;24
javier-hernandez;LA;21;20;1736;17;0;0;0.88;0;1;2;0;59;32;54.2;28.8;10;0;20
raul-ruidiaz;SEA;26;24;2146;17;0;0;0.71;0;4;5;0;91;38;41.8;18.7;13;0;18
adam-buksa;NE;31;21;2075;16;0;0;0.69;0;0;0;0;111;43;38.7;14.4;8;0;20
damir-kreilach;RSL;33;32;2875;16;0;0;0.5;0;0;0;0;74;39;52.7;21.6;10;1;25
hany-mukhtar;NSH;31;28;2505;16;0;0;0.57;0;1;2;0;94;43;45.7;17;13;103;28
daniel-salloi;SKC;30;26;2453;16;0;0;0.59;0;0;0;0;86;38;44.2;18.6;6;14;24
gustavo-bou;NE;30;25;2326;15;0;0;0.58;0;1;2;0;91;35;38.5;16.5;26;30;24
johnny-russell;SKC;30;26;2221;15;0;0;0.61;0;3;3;0;69;33;47.8;21.7;4;83;23
cristian-arango;LAFC;17;15;1400;14;0;0;0.9;0;5;5;0;63;32;50.8;22.2;6;0;16
ricardo-pepi;DAL;31;24;2097;13;0;0;0.56;0;0;1;0;67;31;46.3;19.4;10;0;16
eduardo-lopez;SJ;32;31;2274;12;0;0;0.47;0;1;1;0;53;23;43.4;22.6;8;70;16
gonzalo-higuain;MIA;30;28;2457;12;0;0;0.44;0;3;3;0;82;35;42.7;14.6;27;17;21
josef-martinez;ATL;24;18;1641;12;0;0;0.66;0;2;2;0;58;21;36.2;20.7;16;0;13
;PHI;34;29;2654;12;0;0;0.41;0;2;2;0;63;31;49.2;19.1;15;0;16
cj-sapong;NSH;33;27;2225;12;0;0;0.49;0;0;0;0;66;34;51.5;18.2;10;0;17
brian-white;VAN;27;23;1928;12;0;0;0.56;0;0;0;0;45;23;51.1;26.7;22;0;17
lucas-zelarayan;CLB;32;28;2626;12;0;0;0.41;0;1;1;0;90;33;36.7;13.3;1;132;19
felipe-mora;POR;29;22;2026;11;0;0;0.49;0;1;1;0;65;26;40;16.9;4;0;16
fafa-picault;HOU;31;29;2469;11;0;0;0.4;0;3;3;0;49;20;40.8;22.4;31;0;16
albert-rusnak;RSL;34;34;3045;11;0;0;0.33;0;3;3;0;65;32;49.2;16.9;1;138;22
nani;ORL;28;22;1838;10;0;0;0.49;0;2;3;0;65;25;38.5;15.4;5;48;18
dairon-asprilla;POR;34;25;2095;10;0;0;0.43;0;1;1;0;63;23;36.5;15.9;8;0;13
cristian-dajome;VAN;33;31;2680;10;0;0;0.34;0;4;4;0;56;21;37.5;17.9;6;2;15
robin-lod;MIN;23;21;1814;9;0;0;0.45;0;0;0;0;67;23;34.3;13.4;8;0;14
jesus-medina;NYC;33;27;2261;9;0;0;0.36;0;0;0;0;56;28;50;16.1;3;59;13
marcelino-moreno;ATL;32;30;2594;9;0;0;0.31;0;3;3;0;79;30;38;11.4;3;33;14
jader-obrian;DAL;34;25;2192;9;0;0;0.37;0;0;0;0;47;24;51.1;19.1;22;1;13
gyasi-zardes;CLB;21;18;1563;9;0;0;0.52;0;0;0;0;35;17;48.6;25.7;10;0;9
michael-barrios;COL;33;25;2105;8;0;0;0.34;0;0;0;0;55;21;38.2;14.6;10;2;14
robert-beric;CHI;33;26;2204;8;0;0;0.33;0;0;0;0;78;27;34.6;10.3;28;0;11
miguel-berry;CLB;18;9;840;8;0;0;0.86;0;0;0;0;27;17;63;29.6;1;0;10
tajon-buchanan;NE;27;19;1749;8;0;0;0.41;0;0;0;0;61;23;37.7;13.1;2;1;13
jesus-ferreira;DAL;27;26;2251;8;0;0;0.32;0;0;0;0;56;24;42.9;14.3;1;59;17
anderson-julio;RSL;30;10;1016;8;0;0;0.71;0;0;0;0;34;16;47.1;23.5;6;0;9
patryk-klimala;RBNY;29;26;2094;8;0;0;0.34;0;3;4;0;96;29;30.2;8.3;30;0;15
randall-leal;NSH;31;25;2163;8;0;0;0.33;0;0;0;0;67;33;49.3;11.9;5;9;17
alan-pulido;SKC;21;15;1452;8;0;0;0.5;0;2;2;0;59;16;27.1;13.6;5;0;11
romell-quioto;MTL;19;14;1240;8;0;0;0.58;0;1;1;0;46;18;39.1;17.4;11;0;14
rubio-rubin;RSL;34;25;2238;8;0;0;0.32;0;0;0;0;70;26;37.1;11.4;12;0;13
brenner;CIN;33;33;2799;8;0;0;0.26;0;2;3;0;67;24;35.8;11.9;15;0;10
luka-stojanovic;CHI;27;15;1347;8;0;0;0.53;0;0;0;0;45;18;40;17.8;0;42;10
luciano-acosta;CIN;31;30;2695;7;0;0;0.23;0;0;0;0;60;24;40;11.7;8;67;17
;ATL;25;23;2138;7;0;0;0.29;0;1;1;0;61;20;32.8;11.5;4;46;15
sebastian-blanco;POR;24;12;1182;7;0;0;0.53;0;0;0;0;43;20;46.5;16.3;1;4;14
cecilio-dominguez;ATX;34;29;2386;7;0;0;0.26;0;1;2;0;66;33;50;10.6;8;42;11
diego-fagundez;ATX;33;30;2539;7;0;0;0.25;0;0;0;0;49;21;42.9;14.3;4;41;12
fabio;RBNY;30;25;2198;7;0;0;0.29;0;0;0;0;86;18;20.9;8.1;8;0;14
adrien-hunou;MIN;26;22;1723;7;0;0;0.37;0;0;0;0;66;24;36.4;10.6;14;0;8
franco-jara;DAL;29;12;1256;7;0;0;0.5;0;1;2;0;59;19;32.2;11.9;11;1;9
jonathan-lewis;COL;27;12;1302;7;0;0;0.48;0;1;1;0;43;16;37.2;16.3;16;0;9
fredy-montero;SEA;29;15;1471;7;0;0;0.43;0;1;1;0;54;26;48.1;13;5;4;13
ismael-tajouri-shradi;NYC;23;14;1234;7;0;0;0.51;0;0;0;0;44;15;34.1;15.9;5;6;8
mason-toye;MTL;14;10;893;7;0;0;0.71;0;2;2;0;24;14;58.3;29.2;3;0;7
maximiliano-urruti;HOU;30;25;2243;7;0;0;0.28;0;0;0;0;78;27;34.6;9;12;7;11
paul-arriola;DC;20;19;1365;6;0;0;0.4;0;0;0;0;39;11;28.2;15.4;5;2;10
cristian-casseres-jr;RBNY;27;24;2063;6;0;0;0.26;0;0;0;0;41;16;39;14.6;2;14;10
yimmi-chara;POR;30;29;2331;6;0;0;0.23;0;0;0;0;44;16;36.4;13.6;5;57;13
cristian-roldan;SEA;28;27;2360;6;0;0;0.23;0;0;0;0;53;14;26.4;11.3;2;0;12
diego-rossi;LAFC;19;18;1655;6;0;0;0.33;0;1;1;0;63;24;38.1;9.5;9;1;7
sergio-santos;PHI;26;17;1365;6;0;0;0.4;0;0;0;0;45;22;48.9;13.3;12;0;7
dominique-badji;COL;12;3;319;5;0;0;1.41;0;0;0;0;12;7;58.3;41.7;1;0;5
cole-bassett;COL;32;23;2209;5;0;0;0.2;0;1;1;0;60;19;31.7;8.3;1;14;9
kevin-cabral;LA;28;24;2000;5;0;0;0.23;0;0;0;0;48;24;50;10.4;12;1;7
deiber-caicedo;VAN;33;24;2256;5;0;0;0.2;0;0;0;0;51;18;35.3;9.8;7;50;12
jose-cifuentes;LAFC;32;26;2321;5;0;0;0.19;0;0;0;0;64;17;26.6;7.8;1;4;11
cade-cowell;SJ;33;14;1663;5;0;0;0.27;0;0;0;0;42;19;45.2;11.9;4;0;11
sebastian-driussi;ATX;17;16;1379;5;0;0;0.33;0;0;0;0;38;16;42.1;13.2;1;22;10
franco-fragapane;MIN;19;19;1543;5;0;0;0.29;0;0;1;0;30;10;33.3;16.7;2;30;14
gadi-kinda;SKC;26;24;2035;5;0;0;0.22;0;1;1;0;51;25;49;9.8;6;36;13
sacha-kljestan;LA;31;13;1394;5;0;0;0.32;0;4;4;0;20;9;45;25;0;17;9
rayan-raveloson;LA;22;22;1931;5;0;0;0.23;0;0;0;0;40;14;35;12.5;0;0;6
emanuel-reynoso;MIN;29;28;2391;5;0;0;0.19;0;1;1;0;97;23;23.7;5.2;2;142;15
diego-rubio;COL;26;19;1660;5;0;0;0.27;0;0;1;0;51;17;33.3;9.8;11;0;11
carlos-vela;LAFC;20;15;1267;5;0;0;0.36;0;0;1;0;59;18;30.5;8.5;6;52;11
chris-wondolowski;SJ;32;9;1244;5;0;0;0.36;0;0;1;0;45;18;40;11.1;5;0;5
ignacio-aliseda;CHI;23;16;1592;4;0;0;0.23;0;0;0;0;27;16;59.3;14.8;1;2;5
;TOR;16;8;767;4;0;0;0.47;0;0;0;0;22;9;40.9;18.2;6;0;4
thiago-andrade;NYC;21;9;968;4;0;0;0.37;0;0;0;0;26;10;38.5;15.4;2;0;6
andre-shinyashiki;COL;32;18;1434;4;0;0;0.25;0;0;0;0;45;17;37.8;8.9;6;0;6
cory-burke;PHI;19;10;947;4;0;0;0.38;0;0;0;0;29;10;34.5;13.8;8;0;6
caden-clark;RBNY;24;17;1509;4;0;0;0.24;0;0;0;0;23;9;39.1;17.4;2;10;9
luiz-de-araujo-guimaraes-neto;ATL;15;13;1156;4;0;0;0.31;0;0;0;0;47;18;38.3;8.5;1;8;8
jeremy-ebobisse;POR;13;11;947;4;0;0;0.38;0;0;0;0;22;11;50;18.2;4;0;4
mamadou-fall;LAFC;19;16;1509;4;0;0;0.24;0;0;0;0;15;6;40;26.7;1;0;4
ryan-gauld;VAN;18;13;1308;4;0;0;0.28;0;0;0;0;36;19;52.8;11.1;2;75;10
daniel-gazdag;PHI;23;17;1337;4;0;0;0.27;0;1;1;0;35;13;37.1;11.4;5;11;9
carles-gil;NE;28;24;2285;4;0;0;0.16;0;1;1;0;52;19;36.5;7.7;0;147;22
sunusi-ibrahim;MTL;26;9;903;4;0;0;0.4;0;0;0;0;31;13;41.9;12.9;8;0;4
benjamin-kikanovic;SJ;17;9;794;4;0;0;0.45;0;0;0;0;20;7;35;20;6;0;5
jimmy-medranda;SEA;25;15;1296;4;0;0;0.28;0;0;0;0;24;6;25;16.7;0;2;7
benji-michel;ORL;34;19;1870;4;0;0;0.19;0;0;0;0;35;14;40;11.4;4;2;7
djordje-mihailovic;MTL;34;32;2805;4;0;0;0.13;0;0;0;0;59;15;25.4;6.8;2;118;20
danny-musovski;LAFC;22;5;706;4;0;0;0.51;0;0;0;0;22;11;50;18.2;4;0;7
jonathan-osorio;TOR;24;19;1653;4;0;0;0.22;0;0;0;0;17;6;35.3;23.5;4;10;6
keaton-parks;NYC;31;28;2444;4;0;0;0.15;0;0;0;0;32;7;21.9;12.5;4;0;7
tyler-pasher;HOU;19;9;844;4;0;0;0.43;0;0;0;0;12;7;58.3;33.3;5;25;7
yordy-reyna;DC;18;8;941;4;0;0;0.38;0;0;0;0;29;14;48.3;13.8;5;9;5
alexander-ring;ATX;31;31;2708;4;0;0;0.13;0;0;0;0;40;14;35;10;0;0;7
nigel-robertha;DC;18;9;941;4;0;0;0.38;0;0;0;0;25;13;52;16;3;0;5
robbie-robinson;MIA;24;16;1365;4;0;0;0.26;0;0;0;0;36;13;36.1;11.1;14;0;4
brian-rodriguez;LAFC;15;13;1023;4;0;0;0.35;0;0;0;0;24;11;45.8;16.7;2;26;6
pedro-santos;CLB;32;30;2561;4;0;0;0.14;0;2;3;0;55;22;40;7.3;1;6;10
joaquin-torres;MTL;28;22;1891;4;0;0;0.19;0;0;0;0;37;14;37.8;10.8;3;33;9
junior-urso;ORL;30;29;2493;4;0;0;0.14;0;0;0;0;47;14;29.8;8.5;0;0;5
brandon-vazquez;CIN;31;6;828;4;0;0;0.43;0;0;0;0;26;11;42.3;15.4;12;0;7
paxten-aaronson;PHI;14;5;591;3;0;0;0.46;0;0;0;0;11;9;81.8;27.3;3;3;3
ramon-abila;DC;12;0;214;3;0;0;1.26;0;0;0;0;8;5;62.5;37.5;3;0;3
tesho-akindele;ORL;32;15;1360;3;0;0;0.2;0;0;1;0;29;11;37.9;10.3;11;0;9
ayo-akinola;TOR;11;8;649;3;0;0;0.42;0;0;0;0;14;6;42.9;21.4;7;0;3
corey-baird;LAFC;14;9;758;3;0;0;0.36;0;0;0;0;15;8;53.3;20;3;0;5
alvaro-barreal;CIN;33;26;2213;3;0;0;0.12;0;0;0;0;55;13;23.6;5.5;2;22;6
alejandro-bedoya;PHI;32;30;2659;3;0;0;0.1;0;0;0;0;36;15;41.7;8.3;8;0;6
will-bruin;SEA;24;16;1292;3;0;0;0.21;0;0;0;0;24;8;33.3;12.5;7;0;7
teal-bunbury;NE;29;12;1137;3;0;0;0.24;0;0;0;0;31;12;38.7;9.7;4;3;3
rudy-camacho;MTL;31;31;2746;3;0;0;0.1;0;0;0;0;15;4;26.7;20;0;0;3
lucas-cavallini;VAN;21;14;1229;3;0;0;0.22;0;0;0;0;34;14;41.2;8.8;2;0;4
marky-delgado;TOR;30;27;2372;3;0;0;0.11;0;1;1;0;17;8;47.1;17.6;3;4;5
cristian-espinoza;SJ;32;28;2242;3;0;0;0.12;0;0;1;0;53;19;35.9;5.7;4;69;11
omir-fernandez;RBNY;22;8;768;3;0;0;0.35;0;0;0;0;21;10;47.6;14.3;2;2;3
carlos-fierro;SJ;28;12;1152;3;0;0;0.23;0;0;0;0;24;9;37.5;12.5;0;21;7
ethan-finlay;MIN;30;19;1722;3;0;0;0.16;0;0;0;0;28;10;35.7;10.7;8;0;6
jon-gallagher;ATX;27;13;1261;3;0;0;0.21;0;0;0;0;24;9;37.5;12.5;6;1;4
jakob-glesnes;PHI;34;34;3060;3;0;0;0.09;0;0;0;0;21;5;23.8;14.3;0;0;5
omar-gonzalez;TOR;27;26;2298;3;0;0;0.12;0;0;0;0;10;6;60;30;2;0;4
samuel-grandsir;LA;34;24;2089;3;0;0;0.13;0;0;0;0;56;19;33.9;5.4;8;6;8
federico-higuain;MIA;25;7;802;3;0;0;0.34;0;0;0;0;15;5;33.3;20;3;24;7
ryan-hollingshead;DAL;30;30;2671;3;0;0;0.1;0;0;0;0;26;8;30.8;11.5;3;0;8
robin-jansson;ORL;28;26;2424;3;0;0;0.11;0;0;0;0;13;4;30.8;23.1;0;0;4
dejuan-jones;NE;31;29;2546;3;0;0;0.11;0;0;0;0;18;10;55.6;16.7;0;2;8
richie-laryea;TOR;27;26;2294;3;0;0;0.12;0;0;0;0;26;11;42.3;11.5;7;0;4
sebastian-lletget;LA;26;21;1836;3;0;0;0.15;0;0;0;0;24;6;25;12.5;3;50;8
alvaro-medran;CHI;32;26;2288;3;0;0;0.12;0;0;0;0;53;21;39.6;5.7;1;101;9
haris-medunjanin;CIN;29;18;1552;3;0;0;0.17;0;0;0;0;14;7;50;21.4;1;26;5
joao-paulo;SEA;31;28;2541;3;0;0;0.11;0;0;0;0;28;11;39.3;10.7;0;111;14
maximiliano-moralez;NYC;30;27;2385;3;0;0;0.11;0;0;0;0;64;23;35.9;4.7;5;76;14
chris-mueller;ORL;29;18;1646;3;0;0;0.16;0;0;0;0;36;11;30.6;8.3;3;19;9
alex-muyl;NSH;32;16;1540;3;0;0;0.18;0;1;1;0;22;6;27.3;13.6;5;1;4
jaroslaw-niezgoda;POR;13;3;251;3;0;0;1.08;0;0;0;0;7;5;71.4;42.9;0;0;4
kevin-paredes;DC;24;19;1553;3;0;0;0.17;0;0;0;0;21;8;38.1;14.3;3;5;4
cristhian-paredes;POR;20;13;1187;3;0;0;0.23;0;0;0;0;20;4;20;15;1;0;6
;MIA;27;20;1705;3;0;0;0.16;0;0;0;0;23;9;39.1;13;1;0;10
darwin-quintero;HOU;20;9;1010;3;0;0;0.27;0;1;1;0;38;17;44.7;7.9;1;61;5
santiago-rodriguez;NYC;21;11;985;3;0;0;0.27;0;0;0;0;26;10;38.5;11.5;2;14;4
jacob-shaffelburg;TOR;20;11;995;3;0;0;0.27;0;0;0;0;31;14;45.2;9.7;3;2;6
khiry-shelton;SKC;31;25;2229;3;0;0;0.12;0;0;0;0;27;11;40.7;11.1;5;0;9
brad-smith;SEA;27;20;1637;3;0;0;0.16;0;0;0;0;21;5;23.8;14.3;3;0;7
yeferson-soteldo;TOR;24;19;1740;3;0;0;0.16;0;0;2;0;45;17;37.8;6.7;15;59;13
silvester-van-der-water;ORL;27;12;973;3;0;0;0.28;0;0;0;0;27;8;29.6;11.1;3;23;6
indiana-vassilev;MIA;21;7;793;3;0;0;0.34;0;0;0;0;12;6;50;25;0;0;3
victor-vazquez;LA;28;21;1632;3;0;0;0.17;0;0;0;0;26;10;38.5;11.5;2;65;9
matias-vera;HOU;30;29;2459;3;0;0;0.11;0;0;0;0;22;9;40.9;13.6;2;1;4
kai-wagner;PHI;33;31;2838;3;0;0;0.1;0;0;0;0;33;7;21.2;9.1;2;79;10
jackson-yueill;SJ;29;28;2558;3;0;0;0.11;0;0;0;0;25;10;40;12;0;9;3
walker-zimmerman;NSH;25;22;2041;3;0;0;0.13;0;0;0;0;24;10;41.7;12.5;1;0;5
lalas-abubakar;COL;24;23;1925;2;0;0;0.09;0;0;0;0;11;2;18.2;18.2;1;0;2
ifunanyachi-achara;TOR;14;10;826;2;0;0;0.22;0;0;0;0;18;8;44.4;11.1;3;0;3
oswaldo-alanis;SJ;25;24;2045;2;0;0;0.09;0;2;2;0;18;10;55.6;11.1;0;0;2
efrain-alvarez;LA;26;16;1253;2;0;0;0.14;0;0;0;0;36;9;25;5.6;4;30;5
xavier-arreaga;SEA;26;25;2165;2;0;0;0.08;0;0;0;0;10;6;60;20;3;0;2
yamil-asad;DC;16;8;646;2;0;0;0.28;0;1;1;0;10;4;40;20;1;4;3
eduard-atuesta;LAFC;24;24;2130;2;0;0;0.08;0;1;1;0;43;14;32.6;4.7;0;77;10
steven-birnbaum;DC;21;18;1617;2;0;0;0.11;0;0;0;0;12;5;41.7;16.7;2;0;3
latif-blessing;LAFC;30;25;2205;2;0;0;0.08;0;0;0;0;24;9;37.5;8.3;5;0;5
emmanuel-boateng;NE;12;4;376;2;0;0;0.48;0;0;0;0;6;2;33.3;33.3;0;11;6
zachary-brault-guillard;MTL;30;23;2056;2;0;0;0.09;0;0;0;0;17;5;29.4;11.8;5;0;5
gianluca-busio;SKC;13;13;1152;2;0;0;0.16;0;0;0;0;27;7;25.9;7.4;1;57;5
brandon-bye;NE;29;27;2477;2;0;0;0.07;0;0;0;0;21;7;33.3;9.5;1;0;5
jhonder-cadiz;NSH;23;7;683;2;0;0;0.26;0;0;0;0;29;9;31;6.9;8;0;4
julio-cascante;ATX;31;27;2417;2;0;0;0.07;0;0;0;0;20;8;40;10;1;0;4
maikel-chang;RSL;28;12;1085;2;0;0;0.17;0;0;0;0;15;9;60;13.3;2;7;4
diego-chara;POR;28;27;2448;2;0;0;0.07;0;0;0;0;4;2;50;50;1;0;4
mathieu-choiniere;MTL;26;24;1992;2;0;0;0.09;0;0;0;0;17;6;35.3;11.8;2;0;2
antonio-carlos;ORL;29;28;2414;2;0;0;0.07;0;0;0;0;17;3;17.6;11.8;0;0;2
griffin-dorsey;HOU;20;17;1490;2;0;0;0.12;0;0;0;0;27;7;25.9;7.4;0;1;5
hassani-dotson;MIN;29;26;2370;2;0;0;0.08;0;0;0;0;51;13;25.5;3.9;0;3;5
cameron-duke;SKC;16;6;657;2;0;0;0.27;0;0;0;0;7;4;57.1;28.6;0;0;2
jack-elliott;PHI;33;33;2970;2;0;0;0.06;0;0;0;0;31;7;22.6;6.5;0;0;4
edison-flores;DC;16;11;973;2;0;0;0.18;0;0;0;0;38;9;23.7;5.3;2;20;7
george-fochive;POR;22;11;1024;2;0;0;0.18;0;0;0;0;11;4;36.4;18.2;0;0;2
przemyslaw-frankowski;CHI;13;12;1064;2;0;0;0.17;0;0;0;0;27;8;29.6;7.4;0;0;5
braian-galvan;COL;24;14;1204;2;0;0;0.15;0;0;0;0;18;9;50;11.1;0;3;5
gaston-gimenez;CHI;25;22;1958;2;0;0;0.09;0;0;0;0;35;11;31.4;5.7;0;27;3
justen-glad;RSL;31;31;2787;2;0;0;0.06;0;0;0;0;13;5;38.5;15.4;1;0;2
ruan;ORL;24;21;1888;2;0;0;0.1;0;0;0;0;9;5;55.6;22.2;6;0;6
julian-gressel;DC;34;31;2699;2;0;0;0.07;0;0;0;0;46;11;23.9;4.3;4;120;15
andrew-gutman;RBNY;22;19;1837;2;0;0;0.1;0;0;0;0;16;4;25;12.5;0;1;4
luke-haakenson;NSH;19;3;351;2;0;0;0.51;0;0;0;0;12;6;50;16.7;2;0;2
ahmed-hamdi;MTL;23;9;885;2;0;0;0.2;0;0;0;0;17;5;29.4;11.8;2;2;2
bjorn-johnsen;MTL;26;10;888;2;0;0;0.2;0;0;0;0;26;12;46.1;7.7;10;0;2
dejan-joveljic;LA;14;6;717;2;0;0;0.25;0;0;0;0;17;7;41.2;11.8;1;0;4
brent-kallman;MIN;20;13;1271;2;0;0;0.14;0;0;0;0;9;5;55.6;22.2;0;0;2
jaylin-lindsey;SKC;14;9;917;2;0;0;0.2;0;0;0;0;4;2;50;50;1;0;3
marvin-loria;POR;27;14;1107;2;0;0;0.16;0;0;0;0;20;4;20;10;1;13;8
talles-magno-bacelar-martins;NYC;15;5;444;2;0;0;0.41;0;0;0;0;9;5;55.6;22.2;3;0;2
christian-makoun-x2411;MIA;26;23;2024;2;0;0;0.09;0;1;1;0;7;3;42.9;28.6;0;0;2
ronald-matarrita;CIN;22;22;1965;2;0;0;0.09;0;0;0;0;17;6;35.3;11.8;7;13;7
thomas-mcnamara;NE;32;21;1973;2;0;0;0.09;0;0;0;0;28;9;32.1;7.1;1;11;8
jonathan-mensah;CLB;29;28;2537;2;0;0;0.07;0;0;0;0;33;6;18.2;6.1;1;0;3
justin-meram;RSL;31;15;1398;2;0;0;0.13;0;0;0;0;26;13;50;7.7;1;1;7
jamiro-monteiro;PHI;27;26;2299;2;0;0;0.08;0;0;0;0;38;13;34.2;5.3;4;59;8
lewis-morgan;MIA;34;34;2828;2;0;0;0.06;0;0;0;0;47;16;34;4.3;4;107;6
darlington-nagbe;CLB;33;33;2910;2;0;0;0.06;0;0;0;0;17;4;23.5;11.8;0;1;7
nathan-raphael-pelae-cardoso;SJ;20;20;1727;2;0;0;0.1;0;0;0;0;18;4;22.2;11.1;0;0;2
andres-perea;ORL;27;16;1734;2;0;0;0.1;0;0;0;0;20;9;45;10;2;1;3
tomas-pochettino;ATX;31;26;2229;2;0;0;0.08;0;0;0;0;64;14;21.9;3.1;2;25;4
matt-polster;NE;30;27;2279;2;0;0;0.08;0;0;0;0;13;3;23.1;15.4;0;1;2
andres-reyes;RBNY;19;17;1417;2;0;0;0.13;0;0;0;0;15;2;13.3;13.3;0;0;3
memo-rodriguez;HOU;31;18;1570;2;0;0;0.11;0;0;0;0;62;21;33.9;3.2;4;41;4
andy-rose;VAN;19;19;1648;2;0;0;0.11;0;0;0;0;6;2;33.3;33.3;0;0;3
keegan-rosenberry;COL;30;30;2668;2;0;0;0.07;0;0;0;0;12;2;16.7;16.7;2;0;5
boris-sekulic;CHI;28;27;2312;2;0;0;0.08;0;0;0;0;12;5;41.7;16.7;3;0;6
brek-shea;MIA;30;17;1676;2;0;0;0.11;0;0;0;0;16;9;56.3;12.5;0;0;2
quinn-sullivan;PHI;21;4;531;2;0;0;0.34;0;0;0;0;13;8;61.5;15.4;0;0;3
gudmundur-thorarinsson;NYC;24;20;1660;2;0;0;0.11;0;0;0;0;16;7;43.8;12.5;0;0;4
arnor-ingvi-traustason;NE;29;19;1460;2;0;0;0.12;0;0;0;0;30;9;30;6.7;2;11;9
diego-valeri;POR;29;10;1224;2;0;0;0.15;0;1;2;0;35;11;31.4;5.7;7;42;5
gustavo-vallecilla;CIN;25;25;2001;2;0;0;0.09;0;0;0;0;12;6;50;16.7;1;0;2
anton-walkes;ATL;33;32;2776;2;0;0;0.06;0;0;0;0;14;5;35.7;14.3;2;0;4
victor-wanyama;MTL;27;27;2365;2;0;0;0.08;0;1;1;0;31;11;35.5;6.5;1;0;3
danny-wilson;COL;29;29;2454;2;0;0;0.07;0;0;0;0;17;4;23.5;11.8;2;0;4
bobby-wood;RSL;17;7;618;2;0;0;0.29;0;0;0;0;19;6;31.6;10.5;1;0;3
kellyn-acosta;COL;21;19;1718;1;0;0;0.05;0;0;0;0;17;2;11.8;5.9;1;6;3
fanendo-adi;MIN;10;1;205;1;0;0;0.44;0;0;0;0;8;1;12.5;12.5;1;0;2
tony-alfaro;DC;25;21;1848;1;0;0;0.05;0;0;0;0;10;1;10;10;1;0;2
osvaldo-alonso;MIN;24;15;1412;1;0;0;0.06;0;0;0;0;16;1;6.3;6.3;0;0;2
frankie-amaya;RBNY;22;10;839;1;0;0;0.11;0;0;0;0;10;4;40;10;1;8;2
malte-amundsen;NYC;32;14;1384;1;0;0;0.07;0;0;0;0;10;3;30;10;0;0;4
jalil-anibaba;NSH;9;7;634;1;0;0;0.14;0;0;0;0;3;1;33.3;33.3;1;0;1
tah-brian-anunga;NSH;25;17;1510;1;0;0;0.06;0;0;0;0;17;3;17.6;5.9;1;0;1
isaac-atanga;CIN;22;12;1029;1;0;0;0.09;0;0;0;0;19;8;42.1;5.3;6;0;3
zico-bailey;CIN;11;9;685;1;0;0;0.13;0;0;0;0;6;5;83.3;16.7;0;0;3
tom-barlow;RBNY;23;2;482;1;0;0;0.19;0;0;0;0;11;3;27.3;9.1;7;0;1
jon-bell;NE;12;9;819;1;0;0;0.11;0;0;0;0;3;2;66.7;33.3;0;0;3
george-bello;ATL;29;26;2433;1;0;0;0.04;0;0;0;0;29;9;31;3.5;5;0;4
janio-bikel;VAN;33;26;2310;1;0;0;0.04;0;0;0;0;6;2;33.3;16.7;1;0;2
tyler-blackett;CIN;11;8;772;1;0;0;0.12;0;0;0;0;4;2;50;25;0;0;1
tristan-blackmon;LAFC;22;15;1293;1;0;0;0.07;0;0;0;0;7;1;14.3;14.3;0;0;2
bruno-gaspar;VAN;17;11;894;1;0;0;0.1;0;0;0;0;6;2;33.3;16.7;1;0;2
michael-bradley;TOR;32;30;2690;1;0;0;0.03;0;0;0;0;18;4;22.2;5.6;0;50;6
frederic-brillant;DC;19;14;1312;1;0;0;0.07;0;0;0;0;6;3;50;16.7;0;0;1
alexander-callens;NYC;26;25;2098;1;0;0;0.04;0;0;0;0;13;2;15.4;7.7;2;0;2
francisco-calvo;CHI;17;16;1455;1;0;0;0.06;0;0;0;0;20;5;25;5;1;0;2
george-campbell;ATL;15;6;629;1;0;0;0.14;0;0;0;0;3;1;33.3;33.3;0;0;1
russell-canouse;DC;21;21;1716;1;0;0;0.05;0;0;0;0;21;8;38.1;4.8;0;0;3
wikelman-carmona;RBNY;25;15;1228;1;0;0;0.07;0;0;0;0;35;11;31.4;2.9;0;19;2
julian-carranza;MIA;25;6;726;1;0;0;0.12;0;0;0;0;13;2;15.4;7.7;7;0;1
adalberto-carrasquilla;HOU;10;7;561;1;0;0;0.16;0;0;0;0;11;4;36.4;9.1;0;0;1
robert-castellanos;NSH;1;1;90;1;0;0;1;0;0;0;0;2;1;50;50;0;0;1
edgar-castillo;CIN;14;12;980;1;0;0;0.09;0;0;0;0;7;1;14.3;14.3;2;0;1
leonardo-alves-chu-franco;SEA;8;0;146;1;0;0;0.62;0;0;0;0;5;3;60;20;0;1;2
jackson-conway;ATL;8;2;236;1;0;0;0.38;0;0;0;0;9;3;33.3;11.1;0;0;1
allan-cruz;CIN;22;18;1652;1;0;0;0.05;0;0;0;0;29;5;17.2;3.5;0;2;1
abu-danladi;NSH;8;0;91;1;0;0;0.99;0;0;0;0;7;5;71.4;14.3;0;0;1
nick-deleon;TOR;16;5;628;1;0;0;0.14;0;0;0;0;17;7;41.2;5.9;0;0;1
luis-diaz;CLB;19;11;985;1;0;0;0.09;0;0;0;0;21;6;28.6;4.8;5;1;1
bakaye-dibassy;MIN;26;26;2333;1;0;0;0.04;0;0;0;0;19;7;36.8;5.3;1;0;2
moussa-djitte;ATX;13;9;606;1;0;0;0.15;0;0;0;0;12;7;58.3;8.3;2;0;1
jonathan-dos-santos;LA;26;22;1816;1;0;0;0.05;0;0;0;0;17;2;11.8;5.9;0;1;1
kyle-duncan;RBNY;32;27;2596;1;0;0;0.03;0;0;0;0;18;6;33.3;5.6;1;0;4
jeremy-ebobisse;SJ;11;9;759;1;0;0;0.12;0;0;0;0;26;15;57.7;3.9;3;0;2
tsubasa-endoh;TOR;11;7;513;1;0;0;0.18;0;0;0;0;3;2;66.7;33.3;1;3;2
lucas-esteves-souza;COL;14;9;924;1;0;0;0.1;0;0;0;0;17;5;29.4;5.9;2;1;1
derrick-etienne-jr;CLB;29;21;1849;1;0;0;0.05;0;0;0;0;26;9;34.6;3.9;16;0;6
nicolas-figal;MIA;24;23;2013;1;0;0;0.04;0;0;0;0;8;3;37.5;12.5;2;0;3
leon-flach;PHI;34;31;2645;1;0;0;0.03;0;0;0;0;20;4;20;5;4;0;4
orrin-mckinze-gaines-ii;ATX;9;1;205;1;0;0;0.44;0;0;0;0;5;3;60;20;0;0;1
chase-gasper;MIN;30;30;2628;1;0;0;0.03;0;0;0;0;21;2;9.5;4.8;3;0;1
kieran-gibbs;MIA;12;10;701;1;0;0;0.13;0;0;0;0;7;2;28.6;14.3;2;0;1
erik-godoy;VAN;17;15;1309;1;0;0;0.07;0;0;0;0;6;1;16.7;16.7;0;0;1
yeimar-gomez-andrade;SEA;33;29;2657;1;0;0;0.03;0;0;0;0;19;3;15.8;5.3;2;0;1
nick-hagglund;CIN;24;17;1669;1;0;0;0.05;0;0;0;0;16;4;25;6.3;1;0;1
niko-hansen;MIN;12;5;443;1;0;0;0.2;0;0;0;0;10;4;40;10;2;0;2
matt-hedges;DAL;20;16;1438;1;0;0;0.06;0;0;0;0;10;1;10;10;0;0;1
;SKC;6;4;407;1;0;0;0.22;0;0;0;0;14;3;21.4;7.1;1;0;3
ronald-hernandez;ATL;13;8;634;1;0;0;0.14;0;0;0;0;8;1;12.5;12.5;1;0;1
aaron-herrera;RSL;29;29;2514;1;0;0;0.04;0;0;0;0;23;6;26.1;4.3;1;1;12
brendan-hines-ike;DC;13;12;1048;1;0;0;0.09;0;0;0;0;9;2;22.2;11.1;1;0;1
erik-holt;RSL;18;14;1352;1;0;0;0.07;0;0;0;0;10;2;20;10;0;0;1
emerson-hyndman;ATL;7;7;621;1;0;0;0.14;0;0;0;0;6;1;16.7;16.7;1;0;2
hector-jimenez;ATX;25;19;1622;1;0;0;0.06;0;0;0;0;9;4;44.4;11.1;0;2;3
alistair-johnston;NSH;26;24;2144;1;0;0;0.04;0;0;0;0;8;5;62.5;12.5;0;1;2
florian-jungwirth;VAN;14;12;1126;1;0;0;0.08;0;0;0;0;5;1;20;20;0;0;1
wilfrid-kaptoum;NE;21;11;893;1;0;0;0.1;0;0;0;0;10;2;20;10;0;0;3
mark-anthony-kaye;COL;15;14;1104;1;0;0;0.08;0;0;0;0;19;8;42.1;5.3;3;0;3
henry-kessler;NE;28;25;2237;1;0;0;0.04;0;0;0;0;5;3;60;20;0;0;1
kim-moon-hwan;LAFC;27;19;1783;1;0;0;0.05;0;0;0;0;12;3;25;8.3;1;9;3
lassi-lappalainen;MTL;15;7;558;1;0;0;0.16;0;0;0;0;14;4;28.6;7.1;0;1;3
kemar-lawrence;TOR;25;20;1915;1;0;0;0.05;0;0;0;0;9;2;22.2;11.1;0;0;1
ake-arnaud-loba;NSH;19;2;381;1;0;0;0.24;0;0;0;0;5;3;60;20;5;1;3
jurgen-locadia;CIN;9;2;362;1;0;0;0.25;0;0;0;0;13;5;38.5;7.7;1;1;1
marcos-lopez;SJ;21;16;1413;1;0;0;0.06;0;0;0;0;20;4;20;5;0;5;4
erik-lopez;ATL;18;10;867;1;0;0;0.1;0;0;0;0;19;7;36.8;5.3;4;0;1
jack-maher;NSH;20;18;1538;1;0;0;0.06;0;0;0;0;4;1;25;25;0;0;2
paul-marie;SJ;22;9;1001;1;0;0;0.09;0;0;0;0;12;6;50;8.3;0;1;1
luis-martins;SKC;34;33;2959;1;0;0;0.03;0;0;0;0;19;6;31.6;5.3;4;2;5
felipe-martins;DC;27;9;1123;1;0;0;0.08;0;0;0;0;13;6;46.1;7.7;1;0;4
blaise-matuidi;MIA;32;27;2290;1;0;0;0.04;0;0;0;0;7;1;14.3;14.3;0;0;2
jose-mauri;SKC;9;8;605;1;0;0;0.15;0;0;0;0;6;2;33.3;16.7;0;0;2
sebastian-mendez;ORL;17;15;1193;1;0;0;0.08;0;0;0;0;8;1;12.5;12.5;0;1;1
jonathan-menendez;RSL;17;10;890;1;0;0;0.1;0;0;0;0;20;5;25;5;0;2;6
nicolas-mezquida;COL;22;6;652;1;0;0;0.14;0;0;0;0;16;5;31.3;6.3;1;9;3
;MTL;5;2;139;1;0;0;0.65;0;0;0;0;4;3;75;25;0;1;1
kamal-miller;MTL;27;26;2377;1;0;0;0.04;0;0;0;0;7;2;28.6;14.3;1;0;4
kevin-molino;CLB;11;7;575;1;0;0;0.16;0;0;0;0;7;2;28.6;14.3;0;4;1
junior-moreno;DC;28;25;2148;1;0;0;0.04;0;0;0;0;10;2;20;10;1;0;4
jake-mulraney;ATL;22;13;1136;1;0;0;0.08;0;0;0;0;25;11;44;4;7;14;4
andy-najar;DC;26;23;1917;1;0;0;0.05;0;0;0;0;16;3;18.8;6.3;0;0;4
younes-namli;COL;11;6;532;1;0;0;0.17;0;0;0;0;11;4;36.4;9.1;0;0;2
federico-navarro;CHI;12;10;968;1;0;0;0.09;0;0;0;0;12;4;33.3;8.3;0;0;1
sean-nealis;RBNY;28;28;2430;1;0;0;0.04;0;0;0;0;20;4;20;5;0;0;3
jake-nerwinski;VAN;25;19;1719;1;0;0;0.05;0;0;0;0;7;3;42.9;14.3;1;0;1
shane-o-neill;SEA;27;19;1856;1;0;0;0.05;0;0;0;0;7;1;14.3;14.3;0;0;1
chinonso-offor;CHI;34;11;1307;1;0;0;0.07;0;0;0;0;37;15;40.5;2.7;9;0;3
noble-okello;TOR;14;10;854;1;0;0;0.11;0;0;0;0;5;2;40;20;0;0;2
mauricio-pereyra;ORL;29;26;2166;1;0;0;0.04;0;0;1;0;25;9;36;4;0;51;11
jordan-perruzza;TOR;5;0;137;1;0;0;0.66;0;0;0;0;4;1;25;25;1;0;1
samuel-piette;MTL;25;19;1714;1;0;0;0.05;0;0;0;0;14;2;14.3;7.1;0;0;3
mauricio-pineda;CHI;29;28;2409;1;0;0;0.04;0;0;0;0;15;7;46.7;6.7;0;0;2
paxton-pomykal;DAL;31;18;1518;1;0;0;0.06;0;0;0;0;19;7;36.8;5.3;4;4;3
alejandro-pozuelo;TOR;19;14;1347;1;0;0;0.07;0;0;0;0;29;11;37.9;3.5;1;21;5
ralph-priso;TOR;11;7;575;1;0;0;0.16;0;0;0;0;1;1;100;100;0;0;3
christian-ramirez;HOU;6;1;89;1;0;0;1.01;0;0;0;0;2;1;50;50;0;0;1
andres-ricaurte;DAL;26;9;971;1;0;0;0.09;0;0;0;0;16;5;31.3;6.3;0;26;4
daniel-rios;NSH;12;5;369;1;0;0;0.24;0;0;0;0;17;5;29.4;5.9;3;0;2
miles-robinson;ATL;26;25;2295;1;0;0;0.04;0;0;0;0;13;3;23.1;7.7;0;0;2
alex-roldan;SEA;29;26;2271;1;0;0;0.04;0;0;0;0;8;2;25;12.5;1;0;4
kelyn-rowe;SEA;34;24;2211;1;0;0;0.04;0;0;0;0;27;5;18.5;3.7;1;4;4
ilie-sanchez;SKC;30;27;2506;1;0;0;0.04;0;0;0;0;12;4;33.3;8.3;2;0;1
dante-sealy;DAL;6;0;62;1;0;0;1.45;0;0;0;0;2;2;100;50;0;0;1
bressan;DAL;22;20;1746;1;0;0;0.05;0;0;0;0;11;1;9.1;9.1;0;0;1
luke-singh;TOR;6;5;447;1;0;0;0.2;0;0;0;0;2;2;100;50;0;0;1
kyle-smith;ORL;27;21;1792;1;0;0;0.05;0;0;0;0;14;5;35.7;7.1;1;0;3
jared-stroud;ATX;22;13;1167;1;0;0;0.08;0;0;0;0;26;8;30.8;3.9;13;1;5
aljaz-struna;MTL;18;16;1434;1;0;0;0.06;0;0;0;0;4;1;25;25;0;0;1
nkosi-tafari;DAL;22;21;1824;1;0;0;0.05;0;0;0;0;8;1;12.5;12.5;1;0;3
russell-teibert;VAN;33;29;2421;1;0;0;0.04;0;0;0;0;11;1;9.1;9.1;2;0;3
carlos-teran;CHI;13;11;978;1;0;0;0.09;0;0;0;0;4;2;50;25;0;0;1
john-tolkin;RBNY;28;22;1989;1;0;0;0.05;0;0;0;0;21;4;19.1;4.8;2;59;3
wil-trapp;MIN;31;31;2733;1;0;0;0.03;0;0;0;0;14;3;21.4;7.1;0;5;2
auston-trusty;COL;33;33;2970;1;0;0;0.03;0;0;0;0;17;5;29.4;5.9;1;0;4
bill-tuiloma;POR;27;19;1802;1;0;0;0.05;0;0;0;0;22;6;27.3;4.5;0;0;3
ranko-veselinovic;VAN;27;22;1995;1;0;0;0.05;0;0;0;0;13;5;38.5;7.7;2;0;1
sam-vines;COL;8;8;719;1;0;0;0.13;0;0;0;0;6;3;50;16.7;0;0;2
remi-walter;SKC;28;23;1896;1;0;0;0.05;0;0;0;0;21;7;33.3;4.8;0;15;2
collen-warner;COL;16;11;876;1;0;0;0.1;0;0;0;0;10;3;30;10;0;0;2
eryk-williamson;POR;14;11;952;1;0;0;0.09;0;0;0;0;8;4;50;12.5;0;3;3
bradley-wright-phillips;CLB;21;6;650;1;0;0;0.14;0;0;0;0;13;3;23.1;7.7;8;0;1
dru-anthony-yearwood;RBNY;29;18;1697;1;0;0;0.05;0;0;0;0;22;5;22.7;4.5;2;0;3
griffin-yow;DC;11;1;232;1;0;0;0.39;0;0;0;0;6;2;33.3;16.7;0;4;3
ethan-zubak;LA;18;6;669;1;0;0;0.13;0;0;0;0;15;4;26.7;6.7;7;0;2
amro-tarek;RBNY;13;10;865;0;0;0;0;0;0;0;0;5;1;20;0;0;0;0
siad-haji;SJ;4;0;45;0;0;0;0;0;0;0;0;2;0;0;0;0;0;0
saad-abdul-salaam;CLB;18;7;923;0;0;0;0;0;0;0;0;3;1;33.3;0;0;0;0
luciano-abecasis;SJ;23;14;1234;0;0;0;0;0;0;0;0;8;2;25;0;1;1;3
ramon-abila;MIN;0;0;0;0;0;0;0;0;0;0;0;0;0;0;0;0;0;0
david-accam;NSH;0;0;0;0;0;0;0;0;0;0;0;0;0;0;0;0;0;0
nicolas-acevedo;NYC;24;15;1350;0;0;0;0;0;0;0;0;12;2;16.7;0;0;0;0
danilo-acosta;LA;2;0;61;0;0;0;0;0;0;0;0;0;0;0;0;0;0;0
bryan-acosta;DAL;23;16;1573;0;0;0;0;0;0;0;0;34;8;23.5;0;0;53;2
george-acosta;MIA;0;0;0;0;0;0;0;0;0;0;0;0;0;0;0;0;0;0
mo-adams;ATL;6;2;146;0;0;0;0;0;0;0;0;1;0;0;0;0;0;0
samuel-adeniran;SEA;2;1;59;0;0;0;0;0;0;0;0;4;1;25;0;0;0;0
harrison-afful;CLB;26;21;1815;0;0;0;0;0;0;0;0;13;2;15.4;0;2;0;2
juan-agudelo;MIN;13;1;235;0;0;0;0;0;0;0;0;10;2;20;0;3;0;0
raul-aguilera-jr;ORL;3;0;92;0;0;0;0;0;0;0;0;0;0;0;0;0;0;0
daniel-aguirre-x0634;LA;5;0;32;0;0;0;0;0;0;0;0;2;0;0;0;0;0;0
jacob-akanyirige;SJ;0;0;0;0;0;0;0;0;0;0;0;0;0;0;0;0;0;0
alexander-alvarado;ORL;10;2;192;0;0;0;0;0;0;0;0;1;0;0;0;0;1;0
ventura-alvarado;MIA;1;0;13;0;0;0;0;0;0;0;0;0;0;0;0;0;0;0
matheus-alvarenga-de-oliveira;PHI;1;0;18;0;0;0;0;0;0;0;0;2;1;50;0;0;0;0
juan-alvarez;SEA;0;0;0;0;0;0;0;0;0;0;0;0;0;0;0;0;0;0
frankie-amaya;CIN;0;0;0;0;0;0;0;0;0;0;0;0;0;0;0;0;0;0
mikey-ambrose;ATL;4;1;63;0;0;0;0;0;0;0;0;0;0;0;0;0;0;0
sebastian-anderson;COL;1;0;31;0;0;0;0;0;0;0;0;0;0;0;0;0;0;0
julian-araujo;LA;32;32;2797;0;0;0;0;0;0;0;0;14;1;7.1;0;1;0;7
heber;NYC;7;0;95;0;0;0;0;0;0;0;0;4;3;75;0;1;0;0
george-asomani;SJ;0;0;0;0;0;0;0;0;0;0;0;0;0;0;0;0;0;0
jean-aniel-assi;MTL;0;0;0;0;0;0;0;0;0;0;0;0;0;0;0;0;0;0
josh-atencio;SEA;24;18;1513;0;0;0;0;0;0;0;0;6;4;66.7;0;1;0;2
jeff-attinella;POR;3;2;170;0;0;0;0;0;0;0;0;0;0;0;0;0;0;0
brandon-austin;ORL;5;5;450;0;0;0;0;0;0;0;0;0;0;0;0;0;0;0
edison-azcona;MIA;4;0;44;0;0;0;0;0;0;0;0;0;0;0;0;0;0;0
dominique-badji;NSH;5;2;187;0;0;0;0;0;0;0;0;10;5;50;0;3;0;1
theo-bair;VAN;4;0;27;0;0;0;0;0;0;0;0;0;0;0;0;1;0;0
corey-baird;HOU;7;4;363;0;0;0;0;0;0;0;0;9;5;55.6;0;1;0;0
mateo-bajamich;HOU;9;1;134;0;0;0;0;0;0;0;0;3;1;33.3;0;2;7;1
reed-baker-whiting-x4772;SEA;4;2;201;0;0;0;0;0;0;0;0;3;2;66.7;0;1;0;0
michael-baldisimo;VAN;21;12;1254;0;0;0;0;0;0;0;0;7;1;14.3;0;0;9;0
grayson-barber;SKC;9;2;215;0;0;0;0;0;0;0;0;2;0;0;0;1;0;0
luis-barraza;NYC;5;5;450;0;0;0;0;0;0;0;0;0;0;0;0;0;0;1
matheus-aias;ORL;2;0;15;0;0;0;0;0;0;0;0;0;0;0;0;0;0;0
ethan-bartlow;HOU;0;0;0;0;0;0;0;0;0;0;0;0;0;0;0;0;0;0
zorhan-bassong;MTL;26;13;1248;0;0;0;0;0;0;0;0;5;1;20;0;3;0;1
josh-bauer;ATL;0;0;0;0;0;0;0;0;0;0;0;0;0;0;0;0;0;0
clement-bayiha;MTL;10;2;281;0;0;0;0;0;0;0;0;0;0;0;0;0;0;0
tanner-beason;SJ;24;22;1931;0;0;0;0;0;0;0;0;14;3;21.4;0;0;0;1
steven-beitashour;COL;11;6;587;0;0;0;0;0;0;0;0;0;0;0;0;1;0;2
jordan-bender;ORL;0;0;0;0;0;0;0;0;0;0;0;0;0;0;0;0;0;0
joe-bendik;PHI;3;2;211;0;0;0;0;0;0;0;0;0;0;0;0;0;0;0
nicolas-benezet;COL;11;1;284;0;0;0;0;0;0;0;0;5;1;20;0;0;2;1
nicolas-benezet;SEA;0;0;0;0;0;0;0;0;0;0;0;0;0;0;0;0;0;0
sebastian-berhalter;ATX;18;5;651;0;0;0;0;0;0;0;0;3;0;0;0;0;5;1
matt-bersano;SJ;0;0;0;0;0;0;0;0;0;0;0;0;0;0;0;0;0;0
nick-besler;RSL;27;18;1643;0;0;0;0;0;0;0;0;8;2;25;0;0;0;1
matt-besler;ATX;20;20;1752;0;0;0;0;0;0;0;0;2;0;0;0;0;0;0
noah-billingsley;MIN;0;0;0;0;0;0;0;0;0;0;0;0;0;0;0;0;0;0
luis-binks;MTL;0;0;0;0;0;0;0;0;0;0;0;0;0;0;0;0;0;0
jose-bizama;HOU;1;1;90;0;0;0;0;0;0;0;0;0;0;0;0;0;0;0
jamal-blackman;LAFC;8;8;720;0;0;0;0;0;0;0;0;0;0;0;0;0;0;0
andre-blake;PHI;26;26;2340;0;0;0;0;0;0;0;0;0;0;0;0;0;0;0
blake-bodily;POR;9;2;198;0;0;0;0;0;0;0;0;5;2;40;0;0;1;1
isaac-boehmer;VAN;0;0;0;0;0;0;0;0;0;0;0;0;0;0;0;0;0;0
jovanny-bolivar;DC;0;0;0;0;0;0;0;0;0;0;0;0;0;0;0;0;0;0
jonathan-bond;LA;31;31;2790;0;0;0;0;0;0;0;0;0;0;0;0;0;0;0
pablo-bonilla;POR;18;16;1369;0;0;0;0;0;0;0;0;8;1;12.5;0;0;0;1
alex-bono;TOR;24;24;2160;0;0;0;0;0;0;0;0;0;0;0;0;0;0;0
jonathan-bornstein;CHI;30;25;2220;0;0;0;0;0;0;0;0;5;1;20;0;0;0;0
michael-boxall;MIN;25;25;2189;0;0;0;0;0;0;0;0;9;1;11.1;0;0;0;1
chris-brady;CHI;0;0;0;0;0;0;0;0;0;0;0;0;0;0;0;0;0;0
joao-moutinho;ORL;20;14;1290;0;0;0;0;0;0;0;0;7;1;14.3;0;2;2;1
claudio-bravo;POR;23;23;2020;0;0;0;0;0;0;0;0;22;3;13.6;0;0;0;2
sebastian-breza;MTL;8;8;720;0;0;0;0;0;0;0;0;0;0;0;0;0;0;0
andrew-brody;RSL;16;12;1078;0;0;0;0;0;0;0;0;3;0;0;0;1;0;2
javain-brown;VAN;25;19;1731;0;0;0;0;0;0;0;0;17;2;11.8;0;2;0;5
jesus-bueno;PHI;6;0;29;0;0;0;0;0;0;0;0;0;0;0;0;0;0;0
evan-bush;CLB;4;4;360;0;0;0;0;0;0;0;0;0;0;0;0;0;0;0
handwalla-bwana;NSH;4;1;95;0;0;0;0;0;0;0;0;3;1;33.3;0;0;1;0
luis-alberto-caicedo;NE;4;2;190;0;0;0;0;0;0;0;0;0;0;0;0;0;0;0
scott-caldwell;NE;13;2;198;0;0;0;0;0;0;0;0;2;0;0;0;0;0;0
drake-callender;MIA;0;0;0;0;0;0;0;0;0;0;0;0;0;0;0;0;0;0
eric-calvillo;SJ;0;0;0;0;0;0;0;0;0;0;0;0;0;0;0;0;0;0
geoff-cameron;CIN;28;26;2369;0;0;0;0;0;0;0;0;11;3;27.3;0;0;0;3
matteo-campagna;VAN;0;0;0;0;0;0;0;0;0;0;0;0;0;0;0;0;0;0
javier-casas;CHI;2;0;55;0;0;0;0;0;0;0;0;0;0;0;0;0;0;0
dylan-castanheira;MIA;0;0;0;0;0;0;0;0;0;0;0;0;0;0;0;0;0;0
juan-castilla;HOU;2;0;10;0;0;0;0;0;0;0;0;1;0;0;0;0;0;0
darwin-ceren;HOU;25;13;1203;0;0;0;0;0;0;0;0;6;1;16.7;0;1;13;2
edwin-cerrillo;DAL;22;16;1391;0;0;0;0;0;0;0;0;3;0;0;0;0;0;1
thomas-chacon;MIN;0;0;0;0;0;0;0;0;0;0;0;0;0;0;0;0;0;0
maxime-chanot;NYC;30;29;2603;0;0;0;0;0;0;0;0;17;3;17.6;0;3;0;0
jay-chapman;MIA;25;13;1185;0;0;0;0;0;0;0;0;9;5;55.6;0;2;1;2
justin-che;DAL;15;12;1017;0;0;0;0;0;0;0;0;5;0;0;0;0;0;3
machop-chol;ATL;9;4;426;0;0;0;0;0;0;0;0;5;1;20;0;4;0;1
ozzie-cisneros;SKC;0;0;0;0;0;0;0;0;0;0;0;0;0;0;0;0;0;0
abdoulaye-cissoko;SEA;14;12;966;0;0;0;0;0;0;0;0;6;2;33.3;0;0;0;0
steve-clark;POR;24;24;2098;0;0;0;0;0;0;0;0;0;0;0;0;0;0;0
stefan-cleveland;SEA;15;15;1350;0;0;0;0;0;0;0;0;0;0;0;0;0;0;0
elliot-collier;CHI;17;3;327;0;0;0;0;0;0;0;0;7;3;42.9;0;0;0;0
aurelien-collin;PHI;0;0;0;0;0;0;0;0;0;0;0;0;0;0;0;0;0;0
simon-colyn;VAN;0;0;0;0;0;0;0;0;0;0;0;0;0;0;0;0;0;0
gabriele-corbo;MTL;0;0;0;0;0;0;0;0;0;0;0;0;0;0;0;0;0;0
derek-cornelius;VAN;5;1;144;0;0;0;0;0;0;0;0;2;0;0;0;0;0;0
joe-corona;HOU;30;19;1731;0;0;0;0;0;0;0;0;20;2;10;0;1;11;2
carlos-miguel-coronel;RBNY;34;34;3060;0;0;0;0;0;0;0;0;0;0;0;0;0;0;0
sega-coulibaly;LA;19;17;1422;0;0;0;0;0;0;0;0;2;0;0;0;1;0;0
brandan-craig;PHI;0;0;0;0;0;0;0;0;0;0;0;0;0;0;0;0;0;0
maxime-crepeau;VAN;27;27;2430;0;0;0;0;0;0;0;0;0;0;0;0;0;0;0
daniel-crisostomo;LAFC;10;5;393;0;0;0;0;0;0;0;0;2;0;0;0;0;0;1
cody-cropper;CIN;1;1;90;0;0;0;0;0;0;0;0;0;0;0;0;0;0;0
auro;TOR;25;23;1997;0;0;0;0;0;0;0;0;11;4;36.4;0;1;0;3
jurgen-damm;ATL;10;1;155;0;0;0;0;0;0;0;0;1;0;0;0;1;2;0
toni-datkovic;RSL;8;7;582;0;0;0;0;0;0;0;0;1;1;100;0;1;0;0
sean-davis;RBNY;34;34;3060;0;0;0;0;0;0;0;0;11;4;36.4;0;0;17;4
jacob-davis;SKC;0;0;0;0;0;0;0;0;0;0;0;0;0;0;0;0;0;0
alex-de-john;ATL;4;1;122;0;0;0;0;0;0;0;0;1;1;100;0;0;0;0
artur;CLB;6;5;434;0;0;0;0;0;0;0;0;3;2;66.7;0;0;0;0
gregore;MIA;29;29;2538;0;0;0;0;0;0;0;0;8;3;37.5;0;0;0;4
jack-de-vries;PHI;0;0;0;0;0;0;0;0;0;0;0;0;0;0;0;0;0;0
a-j-delagarza;NE;10;5;504;0;0;0;0;0;0;0;0;2;0;0;0;0;0;1
jordy-delem;SEA;4;1;35;0;0;0;0;0;0;0;0;0;0;0;0;0;0;0
nick-depuy;LA;25;18;1856;0;0;0;0;0;0;0;0;11;4;36.4;0;0;0;1
michael-deshields;DC;0;0;0;0;0;0;0;0;0;0;0;0;0;0;0;0;0;0
jeffrey-dewsnup;RSL;0;0;0;0;0;0;0;0;0;0;0;0;0;0;0;0;0;0
joey-dezart;ORL;17;7;562;0;0;0;0;0;0;0;0;1;0;0;0;1;0;0
amadou-dia;SKC;4;1;101;0;0;0;0;0;0;0;0;0;0;0;0;0;0;0
youba-diarra;RBNY;7;1;119;0;0;0;0;0;0;0;0;2;0;0;0;0;0;0
eric-dick;CLB;0;0;0;0;0;0;0;0;0;0;0;0;0;0;0;0;0;0
daryl-dike;ORL;0;0;0;0;0;0;0;0;0;0;0;0;0;0;0;0;0;0
clement-diop;MTL;8;8;720;0;0;0;0;0;0;0;0;0;0;0;0;0;0;0
ethan-dobbelaere;SEA;7;2;177;0;0;0;0;0;0;0;0;0;0;0;0;0;0;0
derek-dodson;ORL;0;0;0;0;0;0;0;0;0;0;0;0;0;0;0;0;0;0
irakoze-donasiyano-x2430;NSH;1;0;27;0;0;0;0;0;0;0;0;0;0;0;0;0;0;0
griffin-dorsey;TOR;0;0;0;0;0;0;0;0;0;0;0;0;0;0;0;0;0;0
joshua-drack;LA;1;0;1;0;0;0;0;0;0;0;0;0;0;0;0;0;0;0
issiar-drame;RBNY;0;0;0;0;0;0;0;0;0;0;0;0;0;0;0;0;0;0
erik-duenas;LAFC;0;0;0;0;0;0;0;0;0;0;0;0;0;0;0;0;0;0
bryce-duke;LAFC;15;3;453;0;0;0;0;0;0;0;0;6;1;16.7;0;0;14;3
cameron-dunbar;LA;14;2;284;0;0;0;0;0;0;0;0;3;2;66.7;0;0;0;0
julian-dunn;TOR;1;1;90;0;0;0;0;0;0;0;0;1;0;0;0;0;0;0
chris-duvall;CIN;4;0;86;0;0;0;0;0;0;0;0;0;0;0;0;0;0;0
dom-dwyer;TOR;14;6;493;0;0;0;0;0;0;0;0;9;0;0;0;7;0;1
daniel-edelman;RBNY;0;0;0;0;0;0;0;0;0;0;0;0;0;0;0;0;0;0
tom-edwards;RBNY;27;25;1958;0;0;0;0;0;0;0;0;12;6;50;0;0;45;2
michael-edwards;COL;0;0;0;0;0;0;0;0;0;0;0;0;0;0;0;0;0;0
raheem-edwards;LAFC;27;15;1369;0;0;0;0;0;0;0;0;26;7;26.9;0;5;3;2
earl-edwards-jr;NE;0;0;0;0;0;0;0;0;0;0;0;0;0;0;0;0;0;0
mandela-egbo;RBNY;2;0;29;0;0;0;0;0;0;0;0;0;0;0;0;0;0;0
david-egbo;VAN;0;0;0;0;0;0;0;0;0;0;0;0;0;0;0;0;0;0
kalil-elmedkhar;DAL;6;0;118;0;0;0;0;0;0;0;0;0;0;0;0;0;0;0
fred-emmings;MIN;0;0;0;0;0;0;0;0;0;0;0;0;0;0;0;0;0;0
franco-escobar;ATL;0;0;0;0;0;0;0;0;0;0;0;0;0;0;0;0;0;0
roger-espinoza;SKC;32;24;2097;0;0;0;0;0;0;0;0;26;6;23.1;0;2;0;2
jhon-espinoza;CHI;20;8;807;0;0;0;0;0;0;0;0;10;3;30;0;0;0;1
bento-estrela;RBNY;0;0;0;0;0;0;0;0;0;0;0;0;0;0;0;0;0;0
gianfranco-facchineri;VAN;0;0;0;0;0;0;0;0;0;0;0;0;0;0;0;0;0;0
marco-farfan;LAFC;29;21;1754;0;0;0;0;0;0;0;0;6;0;0;0;2;0;0
zackery-farnsworth;RSL;0;0;0;0;0;0;0;0;0;0;0;0;0;0;0;0;0;0
andrew-farrell;NE;33;33;2970;0;0;0;0;0;0;0;0;2;1;50;0;0;0;2
keesean-ferdinand-x2962;MTL;0;0;0;0;0;0;0;0;0;0;0;0;0;0;0;0;0;0
marcus-ferkranus;LA;0;0;0;0;0;0;0;0;0;0;0;0;0;0;0;0;0;0
gerso-fernandes;SKC;0;0;0;0;0;0;0;0;0;0;0;0;0;0;0;0;0;0
maynor-figueroa;HOU;13;9;817;0;0;0;0;0;0;0;0;15;1;6.7;0;0;0;2
stuart-findlay;PHI;7;4;374;0;0;0;0;0;0;0;0;2;1;50;0;0;0;0
oniel-fisher;LA;12;5;486;0;0;0;0;0;0;0;0;2;0;0;0;0;0;0
jonas-fjeldberg;CIN;0;0;0;0;0;0;0;0;0;0;0;0;0;0;0;0;0;0
avionne-flanagan;CIN;0;0;0;0;0;0;0;0;0;0;0;0;0;0;0;0;0;0
anthony-fontana;PHI;12;4;350;0;0;0;0;0;0;0;0;6;2;33.3;0;0;0;1
andreu-fontas;SKC;33;33;2970;0;0;0;0;0;0;0;0;14;3;21.4;0;0;0;1
;COL;0;0;0;0;0;0;0;0;0;0;0;0;0;0;0;0;0;0
waylon-francis;CLB;23;14;1345;0;0;0;0;0;0;0;0;1;0;0;0;0;0;0
alan-franco;ATL;25;23;2013;0;0;0;0;0;0;0;0;13;4;30.8;0;1;0;4
liam-fraser;TOR;1;0;31;0;0;0;0;0;0;0;0;0;0;0;0;0;0;0
liam-fraser;CLB;23;11;1134;0;0;0;0;0;0;0;0;6;3;50;0;0;0;0
ian-fray;MIA;0;0;0;0;0;0;0;0;0;0;0;0;0;0;0;0;0;0
tyler-freeman;SKC;0;0;0;0;0;0;0;0;0;0;0;0;0;0;0;0;0;0
matt-freese;PHI;6;6;507;0;0;0;0;0;0;0;0;0;0;0;0;0;0;0
stefan-frei;SEA;17;17;1529;0;0;0;0;0;0;0;0;0;0;0;0;0;0;0
alejandro-fuenmayor;HOU;3;3;270;0;0;0;0;0;0;0;0;0;0;0;0;0;0;0
gilbert-fuentes;SJ;0;0;0;0;0;0;0;0;0;0;0;0;0;0;0;0;0;0
julian-gaines;LAFC;0;0;0;0;0;0;0;0;0;0;0;0;0;0;0;0;0;0
erickson-gallardo;TOR;0;0;0;0;0;0;0;0;0;0;0;0;0;0;0;0;0;0
pedro-gallese;ORL;22;22;1980;0;0;0;0;0;0;0;0;0;0;0;0;0;0;0
boniek-garcia;HOU;16;6;698;0;0;0;0;0;0;0;0;6;0;0;0;0;1;0
christopher-garcia;RSL;0;0;0;0;0;0;0;0;0;0;0;0;0;0;0;0;0;0
francisco-ginella;LAFC;17;9;884;0;0;0;0;0;0;0;0;10;4;40;0;1;0;1
tomas-giraldo;MTL;0;0;0;0;0;0;0;0;0;0;0;0;0;0;0;0;0;0
chris-gloster;NYC;4;1;66;0;0;0;0;0;0;0;0;0;0;0;0;0;0;0
marcus-godinho;VAN;4;1;114;0;0;0;0;0;0;0;0;1;0;0;0;0;0;0
anibal-godoy;NSH;26;22;2023;0;0;0;0;0;0;0;0;13;4;30.8;0;1;0;5
caiser-sergio-gomes;DAL;0;0;0;0;0;0;0;0;0;0;0;0;0;0;0;0;0;0
giancarlo-gonzalez;LA;0;0;0;0;0;0;0;0;0;0;0;0;0;0;0;0;0;0
leandro-gonzalez-pirez;MIA;30;30;2655;0;0;0;0;0;0;0;0;19;5;26.3;0;1;0;4
tayvon-gray;NYC;10;3;375;0;0;0;0;0;0;0;0;3;1;33.3;0;0;0;1
jacob-greene;DC;0;0;0;0;0;0;0;0;0;0;0;0;0;0;0;0;0;0
jan-gregus;MIN;15;9;772;0;0;0;0;0;0;0;0;12;1;8.3;0;0;9;1
adam-grinwis;ORL;2;2;180;0;0;0;0;0;0;0;0;0;0;0;0;0;0;0
sami-guediri;MIA;10;2;205;0;0;0;0;0;0;0;0;2;0;0;0;1;0;1
everton-luiz;RSL;25;19;1662;0;0;0;0;0;0;0;0;9;1;11.1;0;0;0;1
jack-gurr;ATL;1;0;45;0;0;0;0;0;0;0;0;0;0;0;0;0;0;0
brian-gutierrez;CHI;17;6;595;0;0;0;0;0;0;0;0;15;4;26.7;0;0;2;1
cristian-gutierrez;VAN;19;17;1546;0;0;0;0;0;0;0;0;4;0;0;0;1;27;3
andrew-gutman;ATL;0;0;0;0;0;0;0;0;0;0;0;0;0;0;0;0;0;0
brad-guzan;ATL;29;29;2610;0;0;0;0;0;0;0;0;0;0;0;0;0;0;0
joseph-claude-gyau;CIN;21;18;1659;0;0;0;0;0;0;0;0;10;3;30;0;1;0;0
justin-haak;NYC;0;0;0;0;0;0;0;0;0;0;0;0;0;0;0;0;0;0
;VAN;3;0;34;0;0;0;0;0;0;0;0;0;0;0;0;0;0;0
brandon-hackenberg;ORL;0;0;0;0;0;0;0;0;0;0;0;0;0;0;0;0;0;0
teenage-hadebe;HOU;17;17;1486;0;0;0;0;0;0;0;0;7;0;0;0;1;0;1
marlon-hairston;CLB;21;16;1305;0;0;0;0;0;0;0;0;9;2;22.2;0;1;0;1
michael-halliday-x8049;ORL;6;4;383;0;0;0;0;0;0;0;0;2;0;0;0;0;0;0
bret-halsey;RSL;0;0;0;0;0;0;0;0;0;0;0;0;0;0;0;0;0;0
niko-hamalainen;LA;14;12;1146;0;0;0;0;0;0;0;0;7;1;14.3;0;0;0;0
bill-hamid;DC;21;21;1817;0;0;0;0;0;0;0;0;0;0;0;0;0;0;0
cameron-harper;RBNY;7;0;94;0;0;0;0;0;0;0;0;1;0;0;0;0;0;0
nathan-harriel;PHI;5;2;179;0;0;0;0;0;0;0;0;1;1;100;0;0;0;1
wilson-harris;SKC;9;2;174;0;0;0;0;0;0;0;0;3;2;66.7;0;0;0;0
calvin-harris;CIN;16;4;443;0;0;0;0;0;0;0;0;6;4;66.7;0;2;0;0
carlos-harvey;LA;4;1;135;0;0;0;0;0;0;0;0;0;0;0;0;0;0;0
jordan-harvey;LAFC;4;0;7;0;0;0;0;0;0;0;0;0;0;0;0;0;0;0
thomas-hasal;VAN;7;7;630;0;0;0;0;0;0;0;0;0;0;0;0;0;0;0
jacori-hayes;MIN;15;7;523;0;0;0;0;0;0;0;0;4;1;25;0;0;0;0
fabian-herbers;CHI;27;22;1833;0;0;0;0;0;0;0;0;35;7;20;0;1;0;4
dominick-hernandez;DAL;0;0;0;0;0;0;0;0;0;0;0;0;0;0;0;0;0;0
bode-hidalgo;RSL;0;0;0;0;0;0;0;0;0;0;0;0;0;0;0;0;0;0
nicholas-hinds;NSH;0;0;0;0;0;0;0;0;0;0;0;0;0;0;0;0;0;0
danny-hoesen;ATX;5;5;311;0;0;0;0;0;0;0;0;6;0;0;0;2;0;1
ian-hoffmann;HOU;6;2;248;0;0;0;0;0;0;0;0;1;0;0;0;0;0;0
rio-hope-gund-x0557;ORL;0;0;0;0;0;0;0;0;0;0;0;0;0;0;0;0;0;0
shandon-hopeau;SEA;0;0;0;0;0;0;0;0;0;0;0;0;0;0;0;0;0;0
matt-hundley;COL;0;0;0;0;0;0;0;0;0;0;0;0;0;0;0;0;0;0
erik-hurtado;MTL;7;2;281;0;0;0;0;0;0;0;0;7;2;28.6;0;3;0;1
erik-hurtado;CLB;0;0;0;0;0;0;0;0;0;0;0;0;0;0;0;0;0;0
franco-ibarra;ATL;16;9;778;0;0;0;0;0;0;0;0;4;2;50;0;0;0;0
sebastien-ibeagha;NYC;8;3;348;0;0;0;0;0;0;0;0;2;1;50;0;0;0;0
sebastien-ibeagha;LAFC;13;8;662;0;0;0;0;0;0;0;0;3;1;33.3;0;0;0;0
milan-iloski;RSL;1;0;1;0;0;0;0;0;0;0;0;0;0;0;0;0;0;0
clint-irwin;COL;1;1;90;0;0;0;0;0;0;0;0;0;0;0;0;0;0;0
nicolas-isimat-mirin-x1599;SKC;13;11;949;0;0;0;0;0;0;0;0;0;0;0;0;1;0;0
aljaz-ivacic;POR;5;4;410;0;0;0;0;0;0;0;0;0;0;0;0;0;0;0
stanislav-ivanov;CHI;11;6;520;0;0;0;0;0;0;0;0;7;2;28.6;0;3;5;1
aziel-jackson;MIN;0;0;0;0;0;0;0;0;0;0;0;0;0;0;0;0;0;0
andres-jasson;NYC;20;6;676;0;0;0;0;0;0;0;0;5;2;40;0;1;4;1
cal-jennings;LAFC;6;2;127;0;0;0;0;0;0;0;0;4;2;50;0;1;0;0
david-jensen;RBNY;0;0;0;0;0;0;0;0;0;0;0;0;0;0;0;0;0;0
sean-johnson;NYC;29;29;2610;0;0;0;0;0;0;0;0;0;0;0;0;0;0;1
ismaila-jome;POR;1;0;5;0;0;0;0;0;0;0;0;0;0;0;0;0;0;0
derrick-jones;HOU;20;14;1132;0;0;0;0;0;0;0;0;2;0;0;0;0;0;1
joevin-jones;MIA;10;5;515;0;0;0;0;0;0;0;0;0;0;0;0;0;0;0
tom-judge;NSH;0;0;0;0;0;0;0;0;0;0;0;0;0;0;0;0;0;0
florian-jungwirth;SJ;14;13;1094;0;0;0;0;0;0;0;0;3;2;66.7;0;0;0;1
sam-junqua;HOU;22;18;1612;0;0;0;0;0;0;0;0;10;4;40;0;0;0;1
mathias-jorgensen;RBNY;0;0;0;0;0;0;0;0;0;0;0;0;0;0;0;0;0;0
alec-kann;ATL;5;5;450;0;0;0;0;0;0;0;0;0;0;0;0;0;0;0
johan-kappelhof;CHI;19;16;1230;0;0;0;0;0;0;0;0;8;2;25;0;0;0;0
mark-anthony-kaye;LAFC;10;9;758;0;0;0;0;0;0;0;0;8;2;25;0;1;0;1
aboubacar-keita;CLB;16;10;952;0;0;0;0;0;0;0;0;0;0;0;0;0;0;0
jeremy-kelly;COL;0;0;0;0;0;0;0;0;0;0;0;0;0;0;0;0;0;0
jon-kempin;DC;10;9;883;0;0;0;0;0;0;0;0;0;0;0;0;0;0;0
logan-ketterer;POR;3;3;270;0;0;0;0;0;0;0;0;0;0;0;0;0;0;0
jasser-khmiri;VAN;0;0;0;0;0;0;0;0;0;0;0;0;0;0;0;0;0;0
nabilai-kibunguchy;MIN;0;0;0;0;0;0;0;0;0;0;0;0;0;0;0;0;0;0
perry-kitchen;CLB;5;3;202;0;0;0;0;0;0;0;0;1;0;0;0;0;0;0
edward-kizza-x1132;NE;11;3;259;0;0;0;0;0;0;0;0;5;0;0;0;0;0;1
mustafa-kizza;MTL;18;7;656;0;0;0;0;0;0;0;0;9;4;44.4;0;0;7;2
freddy-kleemann;ATX;3;0;47;0;0;0;0;0;0;0;0;0;0;0;0;0;0;0
jonathan-klinsmann;LA;3;3;270;0;0;0;0;0;0;0;0;0;0;0;0;0;0;0
brad-knighton;NE;6;6;540;0;0;0;0;0;0;0;0;0;0;0;0;0;0;0
zan-kolmanic;ATX;30;23;2104;0;0;0;0;0;0;0;0;11;3;27.3;0;3;65;4
ismael-kone;MTL;0;0;0;0;0;0;0;0;0;0;0;0;0;0;0;0;0;0
kai-koreniuk;LA;0;0;0;0;0;0;0;0;0;0;0;0;0;0;0;0;0;0
franko-kovacevic;CIN;3;0;38;0;0;0;0;0;0;0;0;1;0;0;0;0;0;0
kenneth-kronholm;CHI;0;0;0;0;0;0;0;0;0;0;0;0;0;0;0;0;0;0
yuya-kubo;CIN;29;29;2355;0;0;0;0;0;0;0;0;16;2;12.5;0;0;4;0
seth-kuhn;RBNY;0;0;0;0;0;0;0;0;0;0;0;0;0;0;0;0;0;0
matt-lagrassa;NSH;12;4;367;0;0;0;0;0;0;0;0;4;0;0;0;0;0;1
matt-lampson;CLB;0;0;0;0;0;0;0;0;0;0;0;0;0;0;0;0;0;0
foster-langsdorf;MIN;1;0;32;0;0;0;0;0;0;0;0;1;0;0;0;0;0;0
oliver-larraz;COL;4;0;21;0;0;0;0;0;0;0;0;2;0;0;0;0;0;0
ariel-lassiter;HOU;19;4;536;0;0;0;0;0;0;0;0;24;10;41.7;0;3;11;0
vuk-latinovich;NYC;3;1;94;0;0;0;0;0;0;0;0;1;1;100;0;0;0;0
kelvin-leerdam;MIA;29;18;1701;0;0;0;0;0;0;0;0;7;2;28.6;0;1;0;1
nico-lemoine;HOU;1;1;60;0;0;0;0;0;0;0;0;0;0;0;0;1;0;0
brooks-lennon;ATL;32;30;2649;0;0;0;0;0;0;0;0;10;4;40;0;5;56;6
tony-leone;LAFC;0;0;0;0;0;0;0;0;0;0;0;0;0;0;0;0;0;0
luca-lewis;RBNY;0;0;0;0;0;0;0;0;0;0;0;0;0;0;0;0;0;0
danny-leyva;SEA;24;8;861;0;0;0;0;0;0;0;0;8;3;37.5;0;0;11;0
grant-lillard;CLB;0;0;0;0;0;0;0;0;0;0;0;0;0;0;0;0;0;0
nick-lima;ATX;28;21;1995;0;0;0;0;0;0;0;0;18;4;22.2;0;1;0;3
nicolas-lodeiro;SEA;9;4;459;0;0;0;0;0;0;0;0;10;6;60;0;3;18;1
david-loera;ORL;1;0;21;0;0;0;0;0;0;0;0;1;1;100;0;0;0;0
aaron-long;RBNY;5;5;450;0;0;0;0;0;0;0;0;5;1;20;0;0;0;0
eric-lopez;LA;0;0;0;0;0;0;0;0;0;0;0;0;0;0;0;0;0;0
lisandro-lopez-x6291;ATL;2;2;142;0;0;0;0;0;0;0;0;2;1;50;0;0;0;0
daniel-lovitz;NSH;27;26;2310;0;0;0;0;0;0;0;0;13;2;15.4;0;0;44;6
ben-lundgaard;ATL;0;0;0;0;0;0;0;0;0;0;0;0;0;0;0;0;0;0
adam-lundkvist;HOU;25;22;1945;0;0;0;0;0;0;0;0;7;2;28.6;0;1;10;2
ben-lundt;CIN;0;0;0;0;0;0;0;0;0;0;0;0;0;0;0;0;0;0
larrys-mabiala;POR;26;21;1837;0;0;0;0;0;0;0;0;7;1;14.3;0;3;0;1
aime-mabika-x2524;MIA;2;2;180;0;0;0;0;0;0;0;0;0;0;0;0;0;0;0
emanuel-maciel;MTL;18;10;874;0;0;0;0;0;0;0;0;8;0;0;0;0;0;0
lucas-maciel-felix;NE;19;15;1248;0;0;0;0;0;0;0;0;3;1;33.3;0;0;0;0
zac-macmath;RSL;7;7;585;0;0;0;0;0;0;0;0;0;0;0;0;0;0;0
christian-mafla;NE;9;7;520;0;0;0;0;0;0;0;0;1;0;0;0;0;0;0
kekuta-manneh;ATX;16;2;333;0;0;0;0;0;0;0;0;13;3;23.1;0;0;1;0
jt-marcinkowski;SJ;33;33;2970;0;0;0;0;0;0;0;0;0;0;0;0;0;0;1
anthony-marcucci;RBNY;0;0;0;0;0;0;0;0;0;0;0;0;0;0;0;0;0;0
marko-maric-x2484;HOU;22;22;1980;0;0;0;0;0;0;0;0;0;0;0;0;0;0;0
jahkeele-marshall-rutty;TOR;11;4;421;0;0;0;0;0;0;0;0;7;2;28.6;0;2;1;1
nick-marsman;MIA;22;22;1920;0;0;0;0;0;0;0;0;0;0;0;0;0;0;0
douglas-martinez;RSL;6;0;50;0;0;0;0;0;0;0;0;0;0;0;0;0;0;0
jose-antonio-martinez;DAL;19;16;1503;0;0;0;0;0;0;0;0;8;3;37.5;0;1;0;0
jose-andres-martinez;PHI;24;23;1957;0;0;0;0;0;0;0;0;23;2;8.7;0;0;0;2
emmanuel-mas;ORL;16;7;682;0;0;0;0;0;0;0;0;4;2;50;0;0;0;1
alexandru-irinel-matan;CLB;28;9;792;0;0;0;0;0;0;0;0;16;7;43.8;0;0;5;0
jimmy-maurer;DAL;24;24;2131;0;0;0;0;0;0;0;0;0;0;0;0;0;0;0
chris-mavinga;TOR;22;21;1676;0;0;0;0;0;0;0;0;8;1;12.5;0;0;0;0
philip-mayaka;COL;0;0;0;0;0;0;0;0;0;0;0;0;0;0;0;0;0;0
olivier-mbaizo;PHI;30;28;2489;0;0;0;0;0;0;0;0;7;1;14.3;0;5;1;4
john-mccarthy;MIA;13;12;1140;0;0;0;0;0;0;0;0;0;0;0;0;0;0;0
dax-mccarty;NSH;28;24;2067;0;0;0;0;0;0;0;0;12;4;33.3;0;2;0;3
erik-mccue;HOU;0;0;0;0;0;0;0;0;0;0;0;0;0;0;0;0;0;0
christian-mcfarlane;NYC;0;0;0;0;0;0;0;0;0;0;0;0;0;0;0;0;0;0
jack-mcglynn;PHI;19;7;633;0;0;0;0;0;0;0;0;11;1;9.1;0;0;13;1
zac-mcgraw;POR;11;2;275;0;0;0;0;0;0;0;0;5;0;0;0;0;0;0
kendall-mcintosh;SKC;0;0;0;0;0;0;0;0;0;0;0;0;0;0;0;0;0;0
justin-mcmaster-x4865;MIN;7;0;128;0;0;0;0;0;0;0;0;4;1;25;0;0;0;1
ryan-meara;RBNY;0;0;0;0;0;0;0;0;0;0;0;0;0;0;0;0;0;0
phelipe-megiolaro;DAL;11;10;929;0;0;0;0;0;0;0;0;0;0;0;0;0;0;1
tim-melia;SKC;28;28;2520;0;0;0;0;0;0;0;0;0;0;0;0;0;0;0
bryan-meredith;NSH;0;0;0;0;0;0;0;0;0;0;0;0;0;0;0;0;0;0
romain-metanire;MIN;29;29;2560;0;0;0;0;0;0;0;0;11;2;18.2;0;0;0;2
patrick-metcalfe;VAN;13;4;361;0;0;0;0;0;0;0;0;1;0;0;0;0;0;0
fernando-meza;ATL;0;0;0;0;0;0;0;0;0;0;0;0;0;0;0;0;0;0
tyler-miller;MIN;30;30;2700;0;0;0;0;0;0;0;0;0;0;0;0;0;0;0
eric-miller;NSH;13;12;1054;0;0;0;0;0;0;0;0;3;1;33.3;0;0;0;0
ben-mines;CIN;0;0;0;0;0;0;0;0;0;0;0;0;0;0;0;0;0;0
;NYC;0;0;0;0;0;0;0;0;0;0;0;0;0;0;0;0;0;0
;NYC;0;0;0;0;0;0;0;0;0;0;0;0;0;0;0;0;0;0
kamohelo-mokotjo;CIN;13;4;457;0;0;0;0;0;0;0;0;2;1;50;0;0;0;0
alex-monis;CHI;1;0;19;0;0;0;0;0;0;0;0;1;0;0;0;0;0;0
callum-montgomery;MIN;0;0;0;0;0;0;0;0;0;0;0;0;0;0;0;0;0;0
lucas-monzon;RBNY;1;0;22;0;0;0;0;0;0;0;0;0;0;0;0;0;0;0
drew-moor;COL;12;1;300;0;0;0;0;0;0;0;0;1;0;0;0;0;0;0
joseph-mora;DC;26;16;1527;0;0;0;0;0;0;0;0;5;1;20;0;2;0;0
efrain-morales;ATL;0;0;0;0;0;0;0;0;0;0;0;0;0;0;0;0;0;0
alfredo-morales;NYC;27;20;1783;0;0;0;0;0;0;0;0;19;4;21.1;0;0;0;4
steven-moreira;CLB;7;6;527;0;0;0;0;0;0;0;0;0;0;0;0;1;0;3
santiago-moreno;POR;13;3;349;0;0;0;0;0;0;0;0;9;1;11.1;0;0;2;4
ashtone-morgan;RSL;8;4;371;0;0;0;0;0;0;0;0;0;0;0;0;0;0;0
aidan-morris;CLB;0;0;0;0;0;0;0;0;0;0;0;0;0;0;0;0;0;0
jordan-morris;SEA;2;0;75;0;0;0;0;0;0;0;0;0;0;0;0;0;0;0
justin-morrow;TOR;21;9;973;0;0;0;0;0;0;0;0;1;1;100;0;4;0;1
kyle-morton-x8258;HOU;1;1;90;0;0;0;0;0;0;0;0;0;0;0;0;0;0;0
patrick-mullins;TOR;25;9;795;0;0;0;0;0;0;0;0;18;3;16.7;0;2;0;3
eddie-munjoma;DAL;12;5;460;0;0;0;0;0;0;0;0;1;1;100;0;0;0;1
jesus-david-murillo;LAFC;32;32;2745;0;0;0;0;0;0;0;0;11;2;18.2;0;0;0;0
trey-muse;SEA;0;0;0;0;0;0;0;0;0;0;0;0;0;0;0;0;0;0
ali-adnan;VAN;0;0;0;0;0;0;0;0;0;0;0;0;0;0;0;0;0;0
miguel-angel-navarro;CHI;28;25;2226;0;0;0;0;0;0;0;0;14;0;0;0;6;0;2
miguel-nazarit;NSH;0;0;0;0;0;0;0;0;0;0;0;0;0;0;0;0;0;0
jalen-neal;LA;0;0;0;0;0;0;0;0;0;0;0;0;0;0;0;0;0;0
dylan-nealis;NSH;4;2;149;0;0;0;0;0;0;0;0;1;0;0;0;0;0;1
michael-nelson;HOU;11;11;990;0;0;0;0;0;0;0;0;0;0;0;0;0;0;0
john-nelson;DAL;10;6;554;0;0;0;0;0;0;0;0;0;0;0;0;0;0;0
jayden-nelson;TOR;7;3;247;0;0;0;0;0;0;0;0;6;2;33.3;0;1;1;1
evan-newton;VAN;0;0;0;0;0;0;0;0;0;0;0;0;0;0;0;0;0;0
michee-ngalina;LAFC;2;1;51;0;0;0;0;0;0;0;0;2;0;0;0;0;0;0
moses-nyeman;DC;19;10;801;0;0;0;0;0;0;0;0;6;2;33.3;0;0;0;2
sean-o-hearn;MIN;0;0;0;0;0;0;0;0;0;0;0;0;0;0;0;0;0;0
alfonso-ocampo-chavez;SEA;0;0;0;0;0;0;0;0;0;0;0;0;0;0;0;0;0;0
emmanuel-ochoa;SJ;0;0;0;0;0;0;0;0;0;0;0;0;0;0;0;0;0;0
david-ochoa;RSL;25;25;2250;0;0;0;0;0;0;0;0;0;0;0;0;0;0;0
chris-odoi-atsem;DC;9;2;373;0;0;0;0;0;0;0;0;3;1;33.3;0;0;0;0
wyatt-omsberg;CHI;18;9;754;0;0;0;0;0;0;0;0;6;0;0;0;3;0;0
ike-opara;MIN;0;0;0;0;0;0;0;0;0;0;0;0;0;0;0;0;0;0
kwadwo-opoku;LAFC;4;2;250;0;0;0;0;0;0;0;0;5;2;40;0;0;0;1
matej-oravec;PHI;0;0;0;0;0;0;0;0;0;0;0;0;0;0;0;0;0;0
arquimides-ordonez;CIN;4;0;37;0;0;0;0;0;0;0;0;0;0;0;0;0;0;0
sergio-oregel;CHI;0;0;0;0;0;0;0;0;0;0;0;0;0;0;0;0;0;0
leonard-owusu;VAN;24;14;1062;0;0;0;0;0;0;0;0;6;0;0;0;1;7;0
;LAFC;27;19;1758;0;0;0;0;0;0;0;0;19;5;26.3;0;1;3;2
marcelo-palomino;HOU;0;0;0;0;0;0;0;0;0;0;0;0;0;0;0;0;0;0
elliot-panicco;NSH;0;0;0;0;0;0;0;0;0;0;0;0;0;0;0;0;0;0
james-pantemis;MTL;18;18;1620;0;0;0;0;0;0;0;0;0;0;0;0;0;0;0
isaiah-parente-x3562;CLB;6;2;210;0;0;0;0;0;0;0;0;0;0;0;0;0;1;0
tim-parker;HOU;34;34;3060;0;0;0;0;0;0;0;0;12;2;16.7;0;0;0;0
damiano-pecile;VAN;0;0;0;0;0;0;0;0;0;0;0;0;0;0;0;0;0;0
matias-pellegrini;MIA;0;0;0;0;0;0;0;0;0;0;0;0;0;0;0;0;0;0
jason-pendant;RBNY;2;0;11;0;0;0;0;0;0;0;0;0;0;0;0;0;0;0
josh-penn;MIA;2;0;19;0;0;0;0;0;0;0;0;0;0;0;0;0;0;0
daniel-pereira;ATX;25;18;1557;0;0;0;0;0;0;0;0;18;2;11.1;0;0;0;1
ilsinho;PHI;5;0;78;0;0;0;0;0;0;0;0;2;0;0;0;0;0;0
jonathan-perez;LA;3;0;12;0;0;0;0;0;0;0;0;1;0;0;0;0;0;0
adrien-perez;DC;17;10;869;0;0;0;0;0;0;0;0;26;10;38.5;0;3;2;2
emanuel-perez;POR;0;0;0;0;0;0;0;0;0;0;0;0;0;0;0;0;0;0
emanuel-perez;ATX;10;4;374;0;0;0;0;0;0;0;0;7;2;28.6;0;1;0;0
tom-pettersson;CIN;4;4;359;0;0;0;0;0;0;0;0;4;1;25;0;0;0;0
kayden-pierre-x9514;SKC;0;0;0;0;0;0;0;0;0;0;0;0;0;0;0;0;0;0
rodrigo-pineiro;NSH;2;0;10;0;0;0;0;0;0;0;0;0;0;0;0;0;0;0
donovan-pines;DC;18;16;1381;0;0;0;0;0;0;0;0;12;4;33.3;0;1;0;0
andy-polo;POR;4;3;185;0;0;0;0;0;0;0;0;0;0;0;0;0;3;0
justin-portillo;RSL;2;0;13;0;0;0;0;0;0;0;0;0;0;0;0;0;0;0
noah-powder-x7610;RSL;7;2;280;0;0;0;0;0;0;0;0;10;3;30;0;0;1;0
alvas-powell;PHI;5;4;313;0;0;0;0;0;0;0;0;4;1;25;0;0;0;0
jack-price;COL;30;30;2537;0;0;0;0;0;0;0;0;13;4;30.8;0;0;134;12
william-pulisic;ATX;0;0;0;0;0;0;0;0;0;0;0;0;0;0;0;0;0;0
john-pulskamp;SKC;6;6;540;0;0;0;0;0;0;0;0;0;0;0;0;0;0;0
roberto-puncec;SKC;3;2;130;0;0;0;0;0;0;0;0;2;1;50;0;0;0;0
andrew-putna;RSL;3;2;225;0;0;0;0;0;0;0;0;0;0;0;0;0;0;0
alvaro-quezada;LAFC;1;0;22;0;0;0;0;0;0;0;0;0;0;0;0;0;0;0
facundo-quignon;DAL;18;16;1339;0;0;0;0;0;0;0;0;14;2;14.3;0;0;0;0
jairo-quinteros;MIA;0;0;0;0;0;0;0;0;0;0;0;0;0;0;0;0;0;0
kaveh-rad;SKC;5;2;244;0;0;0;0;0;0;0;0;0;0;0;0;0;0;0
jukka-raitala;MIN;9;6;542;0;0;0;0;0;0;0;0;1;0;0;0;0;0;0
jeizon-ramirez;RSL;0;0;0;0;0;0;0;0;0;0;0;0;0;0;0;0;0;0
greg-ranjitsingh;LAFC;0;0;0;0;0;0;0;0;0;0;0;0;0;0;0;0;0;0
greg-ranjitsingh;PHI;0;0;0;0;0;0;0;0;0;0;0;0;0;0;0;0;0;0
greg-ranjitsingh;ORL;0;0;0;0;0;0;0;0;0;0;0;0;0;0;0;0;0;0
ryan-raposo;VAN;21;3;372;0;0;0;0;0;0;0;0;7;2;28.6;0;1;6;2
andre-rawls;COL;0;0;0;0;0;0;0;0;0;0;0;0;0;0;0;0;0;0
sean-rea;MTL;0;0;0;0;0;0;0;0;0;0;0;0;0;0;0;0;0;0
matthew-real;PHI;8;1;147;0;0;0;0;0;0;0;0;0;0;0;0;0;0;0
rodney-redes;ATX;25;5;709;0;0;0;0;0;0;0;0;10;2;20;0;2;0;1
beni-redzic;DAL;0;0;0;0;0;0;0;0;0;0;0;0;0;0;0;0;0;0
eric-remedi;SJ;29;26;2359;0;0;0;0;0;0;0;0;11;1;9.1;0;0;0;1
justin-rennicks;NE;1;0;1;0;0;0;0;0;0;0;0;0;0;0;0;0;0;0
andre-reynolds-ii;CHI;0;0;0;0;0;0;0;0;0;0;0;0;0;0;0;0;0;0
spencer-richey;SEA;2;2;180;0;0;0;0;0;0;0;0;0;0;0;0;0;0;0
tosaint-ricketts;VAN;14;0;173;0;0;0;0;0;0;0;0;5;0;0;0;2;0;0
andres-rios;SJ;31;8;944;0;0;0;0;0;0;0;0;24;6;25;0;6;0;0
daniel-rios-474294;HOU;0;0;0;0;0;0;0;0;0;0;0;0;0;0;0;0;0;0
rocco-rios-novo;ATL;0;0;0;0;0;0;0;0;0;0;0;0;0;0;0;0;0;0
damian-rivera;NE;1;0;28;0;0;0;0;0;0;0;0;0;0;0;0;0;0;0
wilfredo-rivera;ORL;0;0;0;0;0;0;0;0;0;0;0;0;0;0;0;0;0;0
thomas-roberts;DAL;0;0;0;0;0;0;0;0;0;0;0;0;0;0;0;0;0;0
tony-rocha;NYC;5;0;24;0;0;0;0;0;0;0;0;2;1;50;0;1;0;0
alexandre-pato;ORL;4;1;106;0;0;0;0;0;0;0;0;3;1;33.3;0;1;0;0
abraham-rodriguez;COL;0;0;0;0;0;0;0;0;0;0;0;0;0;0;0;0;0;0
allan-rodriguez;CHI;0;0;0;0;0;0;0;0;0;0;0;0;0;0;0;0;0;0
missael-rodriguez;CHI;0;0;0;0;0;0;0;0;0;0;0;0;0;0;0;0;0;0
jhohan-romana;ATX;25;19;1798;0;0;0;0;0;0;0;0;8;1;12.5;0;0;0;0
tomas-romero;LAFC;18;18;1620;0;0;0;0;0;0;0;0;0;0;0;0;0;0;0
dave-romney;NSH;33;33;2970;0;0;0;0;0;0;0;0;19;2;10.5;0;0;0;2
eloy-room;CLB;30;30;2700;0;0;0;0;0;0;0;0;0;0;0;0;0;0;0
joseph-rosales;MIN;6;0;106;0;0;0;0;0;0;0;0;1;0;0;0;0;1;0
oriol-rosell;ORL;14;6;509;0;0;0;0;0;0;0;0;2;0;0;0;0;0;0
matheus-rossetto;ATL;21;15;1405;0;0;0;0;0;0;0;0;6;2;33.3;0;1;0;0
brian-rowe;ORL;0;0;0;0;0;0;0;0;0;0;0;0;0;0;0;0;0;0
daniel-royer;RBNY;15;3;485;0;0;0;0;0;0;0;0;22;6;27.3;0;2;0;0
pablo-ruiz;RSL;29;24;2066;0;0;0;0;0;0;0;0;35;8;22.9;0;1;15;4
adam-saldana;LA;18;5;664;0;0;0;0;0;0;0;0;3;2;66.7;0;0;0;0
nathan-dylan-saliba;MTL;0;0;0;0;0;0;0;0;0;0;0;0;0;0;0;0;0;0
shea-salinas;SJ;27;14;1390;0;0;0;0;0;0;0;0;18;6;33.3;0;3;7;2
gaoussou-samake-x6951;DC;0;0;0;0;0;0;0;0;0;0;0;0;0;0;0;0;0;0
james-sands;NYC;26;26;2262;0;0;0;0;0;0;0;0;2;0;0;0;0;0;1
tor-saunders;NSH;0;0;0;0;0;0;0;0;0;0;0;0;0;0;0;0;0;0
rodrigo-schlegel;ORL;23;16;1568;0;0;0;0;0;0;0;0;8;4;50;0;0;0;0
tate-schmitt;RSL;0;0;0;0;0;0;0;0;0;0;0;0;0;0;0;0;0;0
aaron-schoenfeld;ATX;0;0;0;0;0;0;0;0;0;0;0;0;0;0;0;0;0;0
szabolcs-schon;DAL;24;9;947;0;0;0;0;0;0;0;0;22;3;13.6;0;1;6;6
brady-scott;ATX;0;0;0;0;0;0;0;0;0;0;0;0;0;0;0;0;0;0
kyle-scott;CIN;4;1;91;0;0;0;0;0;0;0;0;1;1;100;0;0;0;0
patrick-seagrist-x3863;MIA;0;0;0;0;0;0;0;0;0;0;0;0;0;0;0;0;0;0
eddie-segura;LAFC;15;14;1285;0;0;0;0;0;0;0;0;8;2;25;0;0;0;2
ulises-segura;ATX;0;0;0;0;0;0;0;0;0;0;0;0;0;0;0;0;0;0
chris-seitz;DC;4;4;360;0;0;0;0;0;0;0;0;0;0;0;0;0;0;0
amar-sejdic;MTL;7;4;388;0;0;0;0;0;0;0;0;2;0;0;0;0;6;0
amar-sejdic;ATL;10;5;427;0;0;0;0;0;0;0;0;6;1;16.7;0;0;6;0
brandon-servania-x3028;DAL;14;11;946;0;0;0;0;0;0;0;0;14;4;28.6;0;0;0;1
ryan-shawcross;MIA;12;9;817;0;0;0;0;0;0;0;0;3;0;0;0;0;0;0
colin-shutler-x2442;DAL;0;0;0;0;0;0;0;0;0;0;0;0;0;0;0;0;0;0
bobby-shuttleworth;CHI;23;23;2070;0;0;0;0;0;0;0;0;0;0;0;0;0;0;0
parker-siegfried-x3921;SKC;0;0;0;0;0;0;0;0;0;0;0;0;0;0;0;0;0;0
marcelo-silva;RSL;20;20;1710;0;0;0;0;0;0;0;0;5;2;40;0;0;0;0
kevin-silva;TOR;0;0;0;0;0;0;0;0;0;0;0;0;0;0;0;0;0;0
;SJ;23;20;1657;0;0;0;0;0;0;0;0;10;0;0;0;0;0;0
jonathan-sirois;MTL;0;0;0;0;0;0;0;0;0;0;0;0;0;0;0;0;0;0
pablo-sisniega;LAFC;8;8;720;0;0;0;0;0;0;0;0;0;0;0;0;0;0;0
jack-skahan;SJ;9;2;251;0;0;0;0;0;0;0;0;8;1;12.5;0;0;0;0
drew-skundrich;DC;20;11;1150;0;0;0;0;0;0;0;0;14;4;28.6;0;0;1;1
nicholas-slonina;CHI;0;0;0;0;0;0;0;0;0;0;0;0;0;0;0;0;0;0
gabriel-slonina;CHI;11;11;990;0;0;0;0;0;0;0;0;0;0;0;0;0;0;0
graham-smith;SKC;0;0;0;0;0;0;0;0;0;0;0;0;0;0;0;0;0;0
kimarni-smith;DC;3;1;99;0;0;0;0;0;0;0;0;1;0;0;0;1;0;0
collin-smith;DAL;0;0;0;0;0;0;0;0;0;0;0;0;0;0;0;0;0;0
anton-sorenson;PHI;0;0;0;0;0;0;0;0;0;0;0;0;0;0;0;0;0;0
erik-sorga;DC;4;3;249;0;0;0;0;0;0;0;0;1;1;100;0;1;0;0
santiago-sosa;ATL;25;25;2198;0;0;0;0;0;0;0;0;15;4;26.7;0;0;0;0
caio-alexandre-souza-e-silva;VAN;15;11;959;0;0;0;0;0;0;0;0;17;2;11.8;0;1;0;1
omar-sowe;RBNY;1;0;20;0;0;0;0;0;0;0;0;0;0;0;0;1;0;0
dayne-st-clair;MIN;4;4;360;0;0;0;0;0;0;0;0;1;0;0;0;0;0;0
mason-stajduhar;ORL;5;5;450;0;0;0;0;0;0;0;0;0;0;0;0;0;0;0
caleb-stanko;CIN;20;12;1168;0;0;0;0;0;0;0;0;2;0;0;0;0;1;0
aedan-stanley;ATX;9;2;228;0;0;0;0;0;0;0;0;1;0;0;0;1;0;0
daniel-steres;LA;18;13;1134;0;0;0;0;0;0;0;0;6;1;16.7;0;2;0;2
brad-stuver;ATX;33;33;2970;0;0;0;0;0;0;0;0;0;0;0;0;0;0;0
hunter-sulte;POR;2;1;112;0;0;0;0;0;0;0;0;0;0;0;0;0;0;0
beckham-sunderland;CIN;0;0;0;0;0;0;0;0;0;0;0;0;0;0;0;0;0;0
ben-sweat;ATX;2;2;93;0;0;0;0;0;0;0;0;0;0;0;0;0;0;0
ballou-jean-yves-tabla;MTL;2;0;19;0;0;0;0;0;0;0;0;2;0;0;0;0;0;0
andrew-tarbell;ATX;1;1;90;0;0;0;0;0;0;0;0;0;0;0;0;0;0;0
dj-taylor;MIN;8;6;624;0;0;0;0;0;0;0;0;3;1;33.3;0;0;0;0
tanner-tessmann;DAL;7;6;452;0;0;0;0;0;0;0;0;4;0;0;0;0;0;0
andrew-thomas;SEA;0;0;0;0;0;0;0;0;0;0;0;0;0;0;0;0;0;0
brooks-thompson;SKC;0;0;0;0;0;0;0;0;0;0;0;0;0;0;0;0;0;0
tommy-thompson;SJ;14;12;750;0;0;0;0;0;0;0;0;0;0;0;0;0;0;0
robert-thorkelsson;MTL;0;0;0;0;0;0;0;0;0;0;0;0;0;0;0;0;0;0
anton-tinnerholm;NYC;25;23;2012;0;0;0;0;0;0;0;0;21;3;14.3;0;5;0;5
donny-toia;RSL;19;15;1323;0;0;0;0;0;0;0;0;15;2;13.3;0;1;0;2
nouhou;SEA;19;16;1460;0;0;0;0;0;0;0;0;5;0;0;0;0;0;1
erick-torres;ATL;20;7;621;0;0;0;0;0;0;0;0;20;6;30;0;2;0;0
christian-torres;LAFC;0;0;0;0;0;0;0;0;0;0;0;0;0;0;0;0;0;0
juan-pablo-torres;NYC;0;0;0;0;0;0;0;0;0;0;0;0;0;0;0;0;0;0
dantouma-toure;COL;1;0;3;0;0;0;0;0;0;0;0;0;0;0;0;1;0;0
mohamed-traore;LAFC;0;0;0;0;0;0;0;0;0;0;0;0;0;0;0;0;0;0
matt-turner;NE;28;28;2520;0;0;0;0;0;0;0;0;0;0;0;0;0;0;1
cole-turner;PHI;1;0;6;0;0;0;0;0;0;0;0;0;0;0;0;0;0;0
ema-twumasi;DAL;23;19;1703;0;0;0;0;0;0;0;0;6;1;16.7;0;1;0;1
przemyslaw-tyton;CIN;15;14;1285;0;0;0;0;0;0;0;0;0;0;0;0;0;0;0
victor-ulloa;MIA;21;14;1241;0;0;0;0;0;0;0;0;5;2;40;0;1;2;2
felipe-valencia;MIA;0;0;0;0;0;0;0;0;0;0;0;0;0;0;0;0;0;0
zarek-valentin;HOU;29;28;2400;0;0;0;0;0;0;0;0;2;0;0;0;0;0;1
milton-valenzuela;CLB;14;12;872;0;0;0;0;0;0;0;0;6;0;0;0;0;0;0
florian-valot;CIN;9;4;329;0;0;0;0;0;0;0;0;7;1;14.3;0;0;0;0
florian-valot;RBNY;0;0;0;0;0;0;0;0;0;0;0;0;0;0;0;0;0;0
maikel-van-der-werff;CIN;0;0;0;0;0;0;0;0;0;0;0;0;0;0;0;0;0;0
josecarlos-van-rankin;POR;33;27;2449;0;0;0;0;0;0;0;0;11;0;0;0;3;0;3
freddy-vargas;DAL;13;7;533;0;0;0;0;0;0;0;0;14;4;28.6;0;2;15;1
obed-vargas;SEA;1;1;77;0;0;0;0;0;0;0;0;0;0;0;0;0;0;0
daniel-vega;SJ;1;1;90;0;0;0;0;0;0;0;0;0;0;0;0;0;0;0
collin-verfuth;NE;0;0;0;0;0;0;0;0;0;0;0;0;0;0;0;0;0;0
kenneth-vermeer;LAFC;0;0;0;0;0;0;0;0;0;0;0;0;0;0;0;0;0;0
kenneth-vermeer;CIN;19;19;1685;0;0;0;0;0;0;0;0;0;0;0;0;0;0;0
jorge-villafana;LA;21;20;1697;0;0;0;0;0;0;0;0;6;1;16.7;0;1;2;0
alex-villanueva-x4407;SEA;2;0;8;0;0;0;0;0;0;0;0;0;0;0;0;0;0;0
will-vint;COL;0;0;0;0;0;0;0;0;0;0;0;0;0;0;0;0;0;0
pedro-vite;VAN;0;0;0;0;0;0;0;0;0;0;0;0;0;0;0;0;0;0
justin-vom-steeg;LA;0;0;0;0;0;0;0;0;0;0;0;0;0;0;0;0;0;0
casey-walls;SJ;0;0;0;0;0;0;0;0;0;0;0;0;0;0;0;0;0;0
taylor-washington;NSH;17;12;1030;0;0;0;0;0;0;0;0;0;0;0;0;1;2;0
bryce-washington;ATL;0;0;0;0;0;0;0;0;0;0;0;0;0;0;0;0;0;0
joel-waterman;MTL;22;21;1854;0;0;0;0;0;0;0;0;0;0;0;0;0;0;3
patrick-weah;MIN;2;0;20;0;0;0;0;0;0;0;0;3;1;33.3;0;1;0;0
quentin-westberg;TOR;10;10;900;0;0;0;0;0;0;0;0;0;0;0;0;1;0;0
brian-white;RBNY;5;3;194;0;0;0;0;0;0;0;0;2;1;50;0;4;0;1
josh-williams;CLB;18;14;1362;0;0;0;0;0;0;0;0;4;2;50;0;0;0;0
derrick-williams;LA;21;20;1669;0;0;0;0;0;0;0;0;16;5;31.3;0;1;0;3
augustine-williams-x4224;LA;7;0;85;0;0;0;0;0;0;0;0;2;1;50;0;1;0;0
thomas-williams-x7014;ORL;0;0;0;0;0;0;0;0;0;0;0;0;0;0;0;0;0;0
joe-willis;NSH;34;34;3060;0;0;0;0;0;0;0;0;0;0;0;0;0;0;1
tyler-wolff;ATL;7;2;224;0;0;0;0;0;0;0;0;0;0;0;0;0;0;0
owen-wolff;ATX;2;0;8;0;0;0;0;0;0;0;0;0;0;0;0;0;0;0
vito-wormgoor;CLB;17;16;1293;0;0;0;0;0;0;0;0;5;0;0;0;0;0;2
;MTL;0;0;0;0;0;0;0;0;0;0;0;0;0;0;0;0;0;0
darren-yapi;COL;0;0;0;0;0;0;0;0;0;0;0;0;0;0;0;0;0;0
william-yarbrough;COL;33;33;2970;0;0;0;0;0;0;0;0;0;0;0;0;0;0;1
el-mahdi-youssoufi;NYC;0;0;0;0;0;0;0;0;0;0;0;0;0;0;0;0;0;0
renzo-zambrano;POR;14;6;588;0;0;0;0;0;0;0;0;4;0;0;0;0;5;0
eriq-zavaleta;TOR;14;12;1020;0;0;0;0;0;0;0;0;1;0;0;0;0;0;0
gedion-zelalem;NYC;7;1;100;0;0;0;0;0;0;0;0;0;0;0;0;0;0;0
adrian-zendejas;MIN;0;0;0;0;0;0;0;0;0;0;0;0;0;0;0;0;0;0
kyle-zobeck;DAL;0;0;0;0;0;0;0;0;0;0;0;0;0;0;0;0;0;0
rida-zouhir;MTL;2;0;16;0;0;0;0;0;0;0;0;0;0;0;0;0;0;0
dario-zuparic;POR;31;30;2700;0;0;0;0;0;0;0;0;7;1;14.3;0;1;0;2
graham-zusi;SKC;26;24;2129;0;0;0;0;0;0;0;0;20;3;15;0;1;0;5
