name;height;weight;date_of_birth;birthplace;position;footedness;roster_category;player_category
Hugo Cuypers;6' 1\";165 lbs;2.7.1997 (28);Liège, Belgium;Forward;;Senior;Designated Player, International
Alonso Martínez;5' 10\";159 lbs;10.15.1998 (26);Puntarenas, Costa Rica;Forward;;Senior;International
;5' 10\";168 lbs;6.9.1998 (26);Rio de Janeiro, Brazil, Brazil;Midfielder;Right;Senior;International, Designated Player
Tai Baribo;5' 11\";172 lbs;1.15.1998 (27);Eilat, Israel;Forward;Right;Senior;International
Tanitoluwa Oluwaseyi;6' 3\";176 lbs;5.15.2000 (24);Abuja, Nigeria;Forward;;Senior;
Marco Pašalić;5' 10\";163 lbs;9.14.2000 (24);Karlsruhe, Germany;Forward;Left;;Designated Player
Antony Alves Santos;6' 1\";;9.8.2001 (23);;Forward;;Senior;International
Martín Ojeda;5' 9\";130 lbs;11.27.1998 (26);Gualeguaychu, Argentina, Argentina;Midfielder;Left;Senior;Designated Player
Emmanuel Latte Lath;5' 10\";165 lbs;1.1.1999 (26);Abidjan, Côte d'Ivoire;Forward;;;Designated Player, International
Christian Benteke;6' 3\";183 lbs;12.3.1990 (34);Kinshasa, Congo DR;Forward;Right;Senior;Designated Player
Anders Dreyer;5' 7\";139 lbs;5.2.1998 (26);Bramming, Denmark;Midfielder;Left;;
Cristian Arango;5' 10\";154 lbs;3.9.1995 (30);Medellín, Colombia;Forward;Right;Senior;Designated Player, International
Diego Rossi;5' 7\";143 lbs;3.5.1998 (27);Montevideo, Uruguay;Forward;Right;Senior;Designated Player
Kévin Denkey;5' 11\";179 lbs;11.30.2000 (24);Lomé, Togo;Forward;Right;;Designated Player
Luis Muriel;5' 11\";174 lbs;4.16.1991 (33);Santo Tomás, Colombia;Forward;Right;Senior;Designated Player, International
Rafael Navarro;6' 0\";185 lbs;4.14.2000 (24);Cabo Frio, Brazil;Forward;Right;Senior;Designated Player, International
Jordan Morris;6' 0\";185 lbs;10.26.1994 (30);Seattle, WA, USA;Forward;Right;Senior;Designated Player
Luciano Acosta;5' 3\";135 lbs;5.31.1994 (30);Buenos Aires, Argentina;Midfielder;Right;Senior;Designated Player
Kelvin Yeboah;6' 0\";172 lbs;5.6.2000 (24);Accra, Ghana;Forward;;Senior;Designated Player, International
Emil Forsberg;5' 10\";168 lbs;10.23.1991 (33);Sundsvall, Sweden;Midfielder;Right;;Designated Player, International
;;;;;;;;
Telasco Segovia;5' 11\";159 lbs;4.2.2003 (22);Barquisimeto, Venezuela;Midfielder;;;
Sam Adekugbe;5' 9\";165 lbs;1.16.1995 (30);London, England;Defender;Left;;
Christian Ramírez;6' 2\";187 lbs;4.4.1991 (34);Garden Grove, CA, USA;Forward;Right;Senior;
Josh Bauer;6' 3\";196 lbs;7.22.1998 (26);Tallahassee, FL, USA;Defender;;Supplemental Slots 21-24;
Alex Freeman;6' 2\";;8.9.2004 (20);Baltimore, MD, USA;Defender;;Supplemental Slots 21-24;Homegrown
Eric Maxim Choupo-Moting;6' 3\";198 lbs;3.23.1989 (36);Hamburg, Germany;Forward;Right;;
Tadeo Allende;6' 0\";;2.20.1999 (26);Mina Clavero, Argentina;Midfielder;;;
Hannes Wolf;5' 10\";152 lbs;4.16.1999 (25);Graz, Austria;Forward;;;
Pep Biel;5' 8\";137 lbs;9.5.1996 (28);Sant Joan, Spain;Midfielder;;;International
Deandre Kerr;5' 11\";179 lbs;11.29.2002 (22);Ajax, Canada;Forward;Right;Supplemental Slots 25-28;Homegrown
Brian Gutiérrez;5' 10\";141 lbs;6.17.2003 (21);Chicago, IL, USA;Midfielder;Right;Senior;Homegrown, U22 Initiative
David Martínez;5' 10\";150 lbs;2.7.2006 (19);El Tigre, Venezuela;Midfielder;;;
Felipe Mora;5' 9\";150 lbs;8.2.1993 (31);Santiago, Chile;Forward;Right;Senior;
Lionel Messi;5' 7\";148 lbs;6.24.1987 (37);Rosario, Argentina;Forward;Left;Senior;Designated Player, International
Dejan Joveljic;6';165 lbs;8.7.1999 (25);Bijeljina, Bosnia and Herzegovina;Forward;Right;Senior;International, U22 Initiative
Andrew Gutman;5' 10\";159 lbs;10.2.1996 (28);Hinsdale, IL, USA;Defender;;Senior;Homegrown
Djordje Mihailovic;5' 10\";152 lbs;11.10.1998 (26);Jacksonville, USA;Midfielder;Right;Senior;Homegrown, Designated Player
Petar Musa;6' 2\";185 lbs;3.4.1998 (27);Zagreb, Croatia;Forward;;Senior;Designated Player
Jovan Lukic;5' 11\";141 lbs;1.20.2002 (23);Valjevo, Yugoslavia;Midfielder;;;
Philip Zinckernagel;5' 9\";161 lbs;12.16.1994 (30);Copenhagen, Denmark;Midfielder;Right;;
Jacen Russell-Rowe;6' 0\";161 lbs;9.13.2002 (22);Toronto, Canada;Forward;Both;Supplemental Slots 21-24;Homegrown
Ahmed Qasem;6' 0\";161 lbs;7.12.2003 (21);Motala, Sweden;Midfielder;;;International, U22 Initiative
Albert Rusnák;5' 9\";135 lbs;7.7.1994 (30);Vyškov, Slovakia;Midfielder;Both;Senior;Designated Player
Onni Valakari;6' 2\";;8.18.1999 (25);Motherwell, Scotland;Midfielder;;;
Miguel Almirón;5' 9\";154 lbs;11.13.1993 (31);Asunción, Paraguay;Midfielder;Left;;Designated Player, International
Forster Ajago;;;8.16.2001 (23);Navrongo, Ghana;Forward;;;
Patrick Agyemang;6' 4\";;11.7.2000 (24);East Hartford, CT, USA;Forward;;Supplemental Slots 25-28;
Dániel Sallói;6' 1\";154 lbs;7.19.1996 (28);Siófok, Hungary;Forward;Both;Senior;Homegrown
Liel Abada;5' 6\";150 lbs;10.3.2001 (23);Petah Tikva, Israel;Forward;;;Designated Player, International
;;;;;;;;
César Araújo;5' 10\";152 lbs;4.2.2001 (24);Montevideo, Uruguay, Uruguay;Midfielder;Right;Senior;
Amine Bassi;5' 8\";159 lbs;11.27.1997 (27);Bezons, France;Forward;Right;Senior;
Max Arfsten;6' 1\";172 lbs;4.19.2001 (23);Fresno, CA, USA;Midfielder;;Senior;
Leonardo Barroso;5' 6\";159 lbs;6.12.2005 (19);Setúbal, Portugal;Defender;;;
Tomás Avilés;6' 1\";161 lbs;2.3.2004 (21);Río Gallegos, Argentina;Defender;Right;Senior;International, U22 Initiative
Simon Becher;6' 1\";187 lbs;7.20.1999 (25);Topeka, KS, USA;Forward;;Drafted;
Cole Bassett;5' 11\";150 lbs;7.28.2001 (23);Littleton, CO, USA;Midfielder;Both;Senior;Homegrown
Ousseni Bouda;5' 9\";172 lbs;4.28.2000 (24);unknown, Burkina Faso;Forward;;Senior;Generation adidas
Federico Bernardeschi;6' 1\";170 lbs;2.16.1994 (31);Carrara, Italy;Forward;Left;Senior;Designated Player, International
Osman Bukari;5' 7\";146 lbs;12.13.1998 (26);Accra, Ghana;Forward;Both;Senior;Designated Player, International
Bruno Damiani;6' 2\";176 lbs;4.18.2002 (22);Montevideo, Uruguay;Forward;;;
Brandt Bronico;5' 9\";154 lbs;6.20.1995 (29);Westminster, MD, USA;Midfielder;;Senior;
Vítor Costa;6';;7.1.1994 (30);Valente, Brazil;Defender;;;
Luca de la Torre;;;;;Midfielder;;;
David Da Costa;5' 6\";139 lbs;1.5.2001 (24);Almada, Portugal;Midfielder;;;
Léo Chú;5' 10\";152 lbs;4.6.2000 (24);Porto Alegre, Brazil;Midfielder;Left;Senior;U22 Initiative
Boris Enow;5' 10\";154 lbs;3.30.2000 (25);;Midfielder;;;
Hassani Dotson;5' 11\";172 lbs;8.6.1997 (27);Federal Way, WA, USA;Midfielder;;Senior;
Jeremy Ebobisse;6' 0\";181 lbs;2.14.1997 (28);París, France;Forward;;Senior;
Julián Fernández;6' 0\";163 lbs;1.30.2004 (21);Buenos Aires, Argentina;Forward;Left;Senior;International, U22 Initiative
Deybi Flores;6' 0\";150 lbs;6.16.1996 (28);San Pedro Sula, Honduras;Midfielder;Right;;
Ryan Gauld;5' 7\";150 lbs;12.16.1995 (29);Aberdeen, Scotland;Midfielder;Left;Senior;International, Designated Player
Ian Glavinovich;6' 0\";;10.27.2001 (23);Elortondo, Argentina;Defender;;;
Dennis Gjengaar;5' 9\";161 lbs;2.24.2004 (21);Horten, Norway;Forward;;;International, U22 Initiative
Diogo Gonçalves;5' 10\";154 lbs;2.6.1997 (28);Almodôvar, Portugal;Midfielder;Right;;
Emiro Garces;6' 1\";174 lbs;10.11.2001 (23);López de Micay, Colombia;Defender;;;
Logan Farrington;6' 2\";174 lbs;12.14.2001 (23);Racine, WI, USA;Forward;;;
Franco Escobar;5' 7\";159 lbs;2.21.1995 (30);Rosario, Argentina;Defender;Right;Senior;
Jon Gallagher;5' 9\";159 lbs;2.23.1996 (29);Dundalk, Ireland;Defender;;Senior;
Calvin Harris;6' 0\";161 lbs;3.20.2000 (25);Middlesbrough, England;Forward;;Supplemental Slots 21-24;Generation adidas
Marcel Hartel;5' 10\";150 lbs;1.19.1996 (29);Köln, Germany;Midfielder;Right;;Designated Player, International
Marcus Ingvartsen;6' 1\";174 lbs;1.4.1996 (29);Farum, Denmark;Forward;;;
Mitja Ilenic;5' 10\";157 lbs;12.26.2004 (20);Slovenia, Slovenia;Defender;;Senior;International
Tate Johnson;5' 7\";161 lbs;7.10.2005 (19);Tampa, FL, USA;Defender;;;
Anderson Julio;5' 11\";154 lbs;5.31.1996 (28);Pimampiro, Ecuador;Forward;Right;Senior;International
;;;;;;;;
Ryan Hollingshead;6' 2\";185 lbs;4.16.1991 (33);Sacramento, CA, USA;Defender;Left;Senior;
Rominigue Kouamé;5' 8\";165 lbs;12.17.1996 (28);Lopou, Côte d'Ivoire;Midfielder;;;
Kalani Kossa-Rienzi;5' 8\";150 lbs;6.27.2002 (22);Berkley, CA, USA;Defender;;;
Eduard Löwen;6' 2\";201 lbs;1.28.1997 (28);Idar-Oberstein, Germany;Midfielder;Both;Senior;Designated Player, International
Aaron Long;6' 1\";174 lbs;10.12.1992 (32);Oak Hills, CA, USA;Defender;Right;Senior;
Nicolás Lodeiro;5' 9\";157 lbs;3.21.1989 (36);Paysandú, Uruguay;Midfielder;;Senior;
Josef Martínez;5' 8\";168 lbs;5.19.1993 (31);Valencia, Venezuela;Forward;Right;Senior;
Beau Leroux;6' 0\";165 lbs;8.31.2003 (21);San Jose, CA, USA;Midfielder;;;
Lukas MacNaughton;6' 1\";190 lbs;3.8.1995 (30);Brussels, NY, Belgium;Defender;Right;Senior;
Yuya Kubo;5' 10\";159 lbs;12.24.1993 (31);Yamaguchi, Japan;Forward;Right;Senior;International
Mathias Laborda;6';159 lbs;9.15.1999 (25);Fray Bentos, Uruguay;Defender;Right;Senior;International
Diego Luna;5' 8\";187 lbs;9.7.2003 (21);Sunnyvale, CA, USA;Midfielder;Right;Supplemental Slots 21-24;Homegrown
Adilson Malanda;6' 1\";165 lbs;10.29.2001 (23);Rouen, France;Defender;Right;Senior;International
Pedro Martins;5' 9\";165 lbs;4.18.2003 (21);Rio de Janeiro, Brazil;Midfielder;;;
Hany Mukhtar;5' 8\";152 lbs;3.21.1995 (30);Berlin, Germany;Midfielder;Both;Senior;Designated Player, Designated Player
Christopher McVey;6' 3\";185 lbs;4.12.1997 (27);Sparsör, Sweden;Defender;Right;Senior;
Alex Mighten;5' 7\";154 lbs;4.11.2002 (22);West Hartford, CT, USA;Forward;Right;;
Franco Negri;5' 9\";148 lbs;2.20.1995 (30);San Martín, Mendoza, Argentina;Defender;Left;Senior;
Edwin Mosquera;5' 7\";128 lbs;6.27.2001 (23);Chocó, Colombia;Midfielder;;Senior;U22 Initiative
Andy Najar;5' 8\";150 lbs;3.16.1993 (32);Choluteca, Honduras;Defender;Right;Senior;
Alex Muyl;5' 11\";179 lbs;9.30.1995 (29);New York, NY, USA;Midfielder;Right;Senior;Homegrown
Alexey Miranchuk;6' 0\";163 lbs;10.17.1995 (29);Slavyansk-na-Kubani, Russia;Midfielder;Left;;Designated Player, International
Jacob Murrell;6' 2\";;3.28.2004 (21);Forest Hill, MD, USA;Forward;;;
Nathan Ordaz;;;1.12.2004 (21);San Fernando Valley, CA, USA;Forward;;Supplemental Slots 29-30;Homegrown
;;;;;;;;
Prince Owusu;6' 3\";192 lbs;1.7.1997 (28);Wertheim, Germany;Forward;Left;;
Jayden Nelson;5' 7\";148 lbs;9.26.2002 (22);Brampton, ON, Canada;Midfielder;;Supplemental Slots 25-28;Homegrown
Jonathan Pérez;5' 7\";143 lbs;1.18.2003 (22);Whittier, CA, USA;Midfielder;Left;Supplemental Slots 29-30;Homegrown
Ezequiel Ponce;5' 11\";174 lbs;3.29.1997 (28);Rosario, Argentina;Forward;Right;;
Jamar Ricketts;5' 9\";;10.24.2001 (23);Montclair, NJ, USA;Defender;;;
Daniel Ríos;6' 1\";185 lbs;2.22.1995 (30);Mexico City, Mexico;Forward;;Senior;
Gabriel Pec;5' 8\";146 lbs;2.11.2001 (24);Petrópolis, Brazil;Forward;;;
Jonathan Osorio;5' 9\";152 lbs;6.12.1992 (32);Toronto, ON, Canada;Midfielder;Both;Senior;Designated Player
Rodrigues;6' 2\";168 lbs;10.10.1997 (27);Carnaúba dos Dantas, Brazil;Defender;;Senior;International
Paul Rothrock;5' 8\";163 lbs;1.9.1999 (26);unknown, USA;Forward;;;
Sigurd Rosted;6' 2\";176 lbs;7.22.1994 (30);Oslo, Norway;Defender;Right;Senior;International
Keegan Rosenberry;5' 8\";161 lbs;12.11.1993 (31);Ronks, PA, USA;Defender;Right;Senior;
Artem Smolyakov;5' 11\";;5.29.2003 (21);Baranivka, Ukraine;Defender;;;
Cristian Roldan;5' 8\";165 lbs;6.3.1995 (29);Artesia, CA, USA;Midfielder;Right;Senior;
Nathan Saliba;5' 11\";157 lbs;2.7.2004 (21);Montreal, QC, Canada;Midfielder;;Supplemental Slots 29-30;Homegrown
Dante Sealy;5' 10\";176 lbs;4.17.2003 (21);Brooklyn, NY, USA;Defender;Left;Senior;Homegrown
Mohammed Sofo;5' 9\";135 lbs;11.30.2004 (20);;Forward;Right;;
Luis Suárez;5' 9\";159 lbs;1.24.1987 (38);Salto, Uruguay;Forward;Right;Senior;International
Brandon Vázquez;6' 2\";196 lbs;10.14.1998 (26);Chula Vista, CA, USA;Forward;Right;Senior;Designated Player
Robert Taylor;6';172 lbs;10.21.1994 (30);Kuopio, Finland;Midfielder;Right;Senior;
Cengiz Ünder;5' 8\";146 lbs;7.14.1997 (27);Sındırgı, Turkey;Forward;Left;;
Dagur Thorhallsson;5' 10\";;5.2.2000 (24);Hafnarfjorour, Iceland, Iceland;Midfielder;Right;Senior;
Kerwin Vargas;5' 11\";154 lbs;1.2.2002 (23);Bogota, Colombia;Forward;Right;Senior;U22 Initiative
Sam Surridge;6' 2\";181 lbs;7.28.1998 (26);Slough, England;Forward;Right;Senior;Designated Player, International
Myrto Uzuni;5' 10\";159 lbs;5.31.1995 (29);Berat, Albania;Midfielder;Right;Senior;Designated Player, International
Erik Thommy;5' 9\";159 lbs;8.20.1994 (30);Ulm, Germany;Midfielder;Right;Senior;Designated Player
Mikael Uhre;6' 2\";185 lbs;9.30.1994 (30);Ribe, Denmark;Forward;Right;Senior;International, Designated Player
Cedric Teuchert;6';176 lbs;1.14.1997 (28);Coburg, Germany;Forward;Right;;
;;;;;;;;
Pedro Vite;5' 6\";150 lbs;3.9.2002 (23);Babahoyo, Ecuador;Midfielder;;Signed;International, U22 Initiative
Ashley Westwood;5' 9\";176 lbs;4.1.1990 (35);Nantwich, England;Midfielder;Right;;
Luis Abram;5' 11\";168 lbs;2.27.1996 (29);Lima, Peru;Defender;Left;Senior;International
Brian White;5' 11\";185 lbs;2.3.1996 (29);Pittsburgh, PA, USA;Forward;;Senior;
William Agada;5' 9\";165 lbs;9.17.1999 (25);Bauchi, Nigeria;Forward;;Senior;International
Chase Adams;;;4.17.2008 (16);;Forward;;;
Stephen Afrifa;5' 11\";150 lbs;2.19.2001 (24);Toronto, ON, Canada;Forward;Right;Supplemental Slots 25-28;International
Leo Afonso;;;7.13.2001 (23);;Forward;;;
Wilfried Zaha;6' 0\";146 lbs;11.10.1992 (32);Abidjan, Côte d'Ivoire;Forward;Right;;Designated Player, International
Alejandro Alvarado;5' 8\";;7.29.2003 (21);Los Angeles, CA, USA;Midfielder;;;
Malte Amundsen;5' 10\";179 lbs;2.11.1998 (27);Herfølge, Denmark;Defender;Left;Senior;
Pedro Amador;5' 11\";;12.18.1998 (26);Loures, Portugal;Defender;;;International
Fernando Álvarez;6' 2\";163 lbs;8.24.2003 (21);New York, USA;Defender;;;
Tomás Ángel;5' 9\";;2.20.2003 (22);Medellín, Colombia;Forward;;;
Ibrahim Aliyu;;;1.16.2002 (23);Kano, Nigeria;Forward;;Senior;U22 Initiative
Ali Ahmed;5' 11\";154 lbs;10.10.2000 (24);Toronto, ON, Canada;Midfielder;;Supplemental Slots 21-24;
Prince Amponsah;5' 11\";;8.30.2003 (21);Bronx, NY, USA;Defender;;;
Noah Allen;5' 8\";152 lbs;4.28.2004 (20);unknown, USA;Defender;;Supplemental Slots 29-30;Homegrown
Jordi Alba;5' 7\";148 lbs;3.21.1989 (36);L'Hospitalet de Llobregat, Spain;Defender;Left;Senior;International
Paul Arriola;5' 6\";146 lbs;2.5.1995 (30);Chula Vista, CA, USA;Midfielder;;Senior;
Josh Atencio;6' 1\";174 lbs;1.31.2002 (23);Bellevue, WA, USA;Midfielder;;Senior;Homegrown
Eduard Atuesta;5' 11\";154 lbs;6.18.1997 (27);Velez, Colombia;Midfielder;;Senior;
Christopher Applewhite;6' 2\";179 lbs;8.23.2007 (17);Alexandria, VA, USA;Defender;;;Homegrown
Brian Anunga;5' 11\";179 lbs;8.10.1996 (28);Yaoundé, Cameroon;Midfielder;;Senior;
Exon Arzu;5' 9\";181 lbs;5.19.2004 (20);;Forward;;;
Chidozie Awaziem;6' 2\";172 lbs;1.1.1997 (28);Enugu, Nigeria;Defender;Right;;
Femi Awodesu;6' 3\";172 lbs;4.5.2001 (24);Philadelphia, PA, USA;Defender;;;
Iván Angulo;5' 7\";146 lbs;3.22.1999 (26);San Andrés de Tumaco, Colombia;Forward;;Senior;International
Julián Aude;5' 11\";157 lbs;3.24.2003 (22);Lanús, Argentina;Defender;Left;Senior;U22 Initiative, International
;;;;;;;;
Reed Baker-Whiting;5' 11\";154 lbs;3.31.2005 (20);Seattle, WA, USA;Midfielder;;Supplemental Slots 29-30;Homegrown
David Ayala;5' 7\";137 lbs;7.26.2002 (22);Berazategui, Argentina;Midfielder;Left;Senior;International, U22 Initiative
Jonathan Bamba;5' 9\";159 lbs;3.26.1996 (29);Alfortville, France;Midfielder;Right;;Designated Player
Dominique Badji;6' 0\";170 lbs;10.16.1992 (32);Dakar, Senegal;Forward;;Senior;
Jeevan Badwal;5' 6\";163 lbs;3.11.2006 (19);Surrey, USA;Midfielder;;;
Mounsef Bakrar;6' 0\";176 lbs;1.13.2001 (24);Setif, Algeria;Forward;;Senior;U22 Initiative, International
Fidel Barajas;5' 10\";154 lbs;4.5.2006 (19);Scaramento, CA, USA;Forward;;;
Jesus Barea;5' 9\";168 lbs;4.28.2002 (22);Cádiz, Spain;Forward;;;
Cody Baker;5' 10\";154 lbs;1.7.2004 (21);unknown, USA;Defender;;Supplemental Slots 29-30;Homegrown
Tom Barlow;6' 2\";185 lbs;7.8.1995 (29);unknown, USA;Forward;;Senior;
Luis Barraza;6' 2\";194 lbs;11.8.1996 (28);Las Cruces, NM, USA;Goalkeeper;;Supplemental Slots 21-24;
Andy Batioja;;;1.31.2006 (19);;Forward;;;
Zorhan Bassong;5' 10\";172 lbs;5.7.1999 (25);Toronto, ON, USA;Defender;Left;Senior;
Lucas Bartlett;6' 3\";201 lbs;7.26.1997 (27);Overland Park, MO, USA;Defender;;Supplemental Slots 21-24;
Timo Baumgartl;6' 3\";194 lbs;3.4.1996 (29);Böblingen, Germany;Defender;Right;;
Sam Bassett;6' 0\";135 lbs;4.13.2003 (21);Wheat Ridge, CO, USA;Midfielder;;;Homegrown
Tanner Beason;6' 1\";176 lbs;3.23.1997 (28);Winston-Salem, NC, USA;Defender;;Senior;
Ethan Bartlow;6' 0\";170 lbs;2.2.2000 (25);Woodinville, WA, USA;Defender;;Senior;
Jacob Bartlett;6' 2\";161 lbs;10.7.2005 (19);Overland Park, KS, USA;Defender;;;
Alejandro Bedoya;5' 11\";161 lbs;4.29.1987 (37);Englewood, NJ, USA;Midfielder;Right;Senior;
Sebastian Berhalter;5' 9\";154 lbs;5.10.2001 (23);London, England;Midfielder;;Supplemental Slots 29-30;Homegrown
Jonathan Bell;5' 11\";165 lbs;8.26.1997 (27);Rockville, MD, USA;Defender;;Supplemental Slots 21-24;
Miguel Berry;6' 3\";181 lbs;9.16.1997 (27);Barcelona, Spain;Forward;;Senior;
Adam Beaudry;6' 2\";;4.18.2006 (18);unknown, USA;Goalkeeper;;;Homegrown
David Bingham;6' 2\";185 lbs;10.19.1989 (35);Castro Valley, CA, USA;Goalkeeper;;Supplemental Slots 21-24;
Andre Blake;6' 2\";172 lbs;11.21.1990 (34);May Pen, Jamaica;Goalkeeper;Right;Senior;
Emmanuel Boateng;5' 6\";150 lbs;1.17.1994 (31);Accra, Ghana;Midfielder;;Senior;
Ramiro Benetti;5' 7\";;5.22.1993 (31);Gramado, Brazil;Midfielder;;;
Ben Bender;6' 0\";165 lbs;3.7.2001 (24);Baltimore, MD, USA;Midfielder;;Supplemental Slots 21-24;Generation adidas
;;;;;;;;
Wiktor Bogacz;6' 4\";;7.14.2004 (20);Starachowice, Poland;Forward;;;
Isaac Boehmer;6' 2\";185 lbs;11.20.2001 (23);Penticton, BC, Canada;Goalkeeper;;Supplemental Slots 25-28;Homegrown
David Brekalo;6' 2\";194 lbs;12.3.1998 (26);Ljubljana, Slovenia;Defender;;Senior;International
Dylan Borso;5' 11\";165 lbs;6.2.2006 (18);Chicago, IL, USA;Midfielder;;;
Chris Brady;6' 3\";170 lbs;3.3.2004 (21);Naperville, IL, USA;Goalkeeper;;Senior;Homegrown
Claudio Bravo;5' 7\";150 lbs;3.13.1997 (28);Quilmes, Argentina;Defender;Left;Senior;International
Giuseppe Bovalina;5' 8\";157 lbs;11.11.2004 (20);Adelaide, Australia;Defender;;;
Denis Bouanga;5' 11\";157 lbs;11.11.1994 (30);Le Mans, France;Forward;Left;Senior;Designated Player
Michael Boxall;6' 3\";209 lbs;8.18.1988 (36);Auckland, New Zealand;Defender;Right;Senior;
Yannick Bright;5' 8\";;9.3.2001 (23);Milan, Italy;Midfielder;;;
Heine Bruseth;5' 10\";;4.6.2004 (20);Gjemnes, Norway;Midfielder;;;
Lachlan Brook;5' 10\";;2.8.2001 (24);Gawler, Australia;Midfielder;;;
Gastón Brugman;5' 9\";150 lbs;9.7.1992 (32);Rosario, Uruguay;Midfielder;Right;Senior;
Javain Brown;5' 11\";174 lbs;3.9.1999 (26);Kingston, Jamaica;Defender;Right;Senior;
Tristan Brown;;;10.17.2007 (17);;Midfielder;;;
Sébastian Breza;6' 4\";192 lbs;3.15.1998 (27);Ottawa, ON, Canada;Goalkeeper;Right;Supplemental Slots 21-24;
Ola Brynhildsen;5' 9\";154 lbs;4.27.1999 (25);Bærum, Norway;Forward;;;
Luke Brennan;5' 11\";150 lbs;2.24.2005 (20);Atlanta, GA, USA;Midfielder;;Supplemental Slots 25-28;Homegrown
Andrew Brody;5' 10\";154 lbs;5.3.1995 (29);Orlando, FL, USA;Defender;;Supplemental Slots 21-24;Homegrown
Jesús Bueno;5' 10\";163 lbs;4.15.1999 (25);Barquisimeto, Venezuela;Midfielder;Right;Senior;International
Sergio Busquets;6' 2\";163 lbs;7.16.1988 (36);Badia del Vallès, Spain;Midfielder;Right;Senior;Designated Player, International
Nathan Byrne;5' 11\";185 lbs;6.5.1992 (32);St Albans, England;Defender;;Senior;
Noel Buck;5' 11\";159 lbs;4.5.2005 (20);Arlington, MA, USA;Midfielder;;Supplemental Slots 25-28;Homegrown
Pavel Bucha;5' 10\";154 lbs;3.11.1998 (27);Mělník, Czech Republic;Midfielder;;;
Dawid Bugaj;6' 0\";;7.9.2004 (20);Sosnowiec, Poland;Defender;;;
Teal Bunbury;6' 1\";192 lbs;2.27.1990 (35);Hamilton, ON, Canada;Forward;Both;Senior;
Evan Bush;6' 1\";187 lbs;3.6.1986 (39);Concord, OH, USA;Goalkeeper;;Supplemental Slots 21-24;
Roman Bürki;6' 2\";187 lbs;11.14.1990 (34);Münsingen, Switzerland;Goalkeeper;Right;Senior;
Brandon Bye;6' 0\";174 lbs;11.29.1995 (29);Portage, MI, USA;Defender;;Senior;
;;;;;;;;
Kévin Cabral;6' 1\";152 lbs;7.10.1999 (25);Paris, France;Forward;;Senior;International, Designated Player
Gustavo Caraballo;;;8.29.2008 (16);;Midfielder;;;
Wiki Carmona;5' 8\";157 lbs;2.24.2003 (22);unknown, Venezuela;Midfielder;Left;Supplemental Slots 21-24;
Antonio Juan Carrera;6' 4\";159 lbs;3.15.2004 (21);Pachuca De Soto, Mexico;Goalkeeper;;Signed;Homegrown
Felipe Carballo;5' 10\";159 lbs;10.4.1996 (28);Montevideo, Uruguay;Midfielder;Right;;
Leo Campana;6' 1\";163 lbs;7.24.2000 (24);Guayaquil, Ecuador;Forward;Left;Senior;
George Campbell;6' 2\";185 lbs;6.22.2001 (23);Chester, PA, USA;Defender;;Supplemental Slots 25-28;Homegrown
Reggie Cannon;5' 11\";163 lbs;6.11.1998 (26);Chicago, IL, USA;Defender;;;
Drake Callender;6' 3\";194 lbs;10.7.1997 (27);Sacramento, CA, USA;Goalkeeper;Right;Senior;Homegrown
Maxime Chanot;6' 1\";172 lbs;11.21.1989 (35);Nancy, France;Defender;;Senior;
Julio Cascante;6' 1\";165 lbs;10.3.1993 (31);Puerto Limón, Costa Rica;Defender;Right;Senior;
Jacob Castro;6' 4\";190 lbs;12.18.1999 (25);Tukwila, WA, USA;Goalkeeper;;Supplemental Slots 25-28;Homegrown
Dylan Chambost;5' 10\";154 lbs;8.19.1997 (27);Annecy, France;Midfielder;Left;Senior;International
Nico Cavallo;;;12.27.2001 (23);Richmond, VA, USA;Defender;;;
Austin Causey;6' 1\";174 lbs;8.20.2001 (23);Concord, USA;Goalkeeper;;;
Brayan Ceballos;6' 0\";161 lbs;5.24.2001 (23);Santiago de Cali, Colombia;Defender;;;
Edwin Cerrillo;5' 9\";174 lbs;10.3.2000 (24);Waco, TX, USA;Midfielder;;Senior;Homegrown
Roman Celentano;6' 3\";201 lbs;9.14.2000 (24);Naperville, IL, USA;Goalkeeper;;Supplemental Slots 21-24;Generation adidas
Máximo Carrizo;;;2.28.2008 (17);New York City, NY, USA;Midfielder;;Signed;Homegrown
Yevhen Cheberko;6' 0\";146 lbs;1.23.1998 (27);Melitopol, Ukraine;Defender;Left;Senior;International
Noah Cobb;6' 1\";165 lbs;7.20.2005 (19);Chattanooga, TN, USA;Defender;;Supplemental Slots 29-30;Homegrown
Josh Cohen;6' 1\";174 lbs;8.18.1992 (32);Mountain View, CA, USA;Goalkeeper;Left;;
Dominik Chong Qui;;;12.29.2007 (17);;Defender;;;
Caden Clark;5' 11\";161 lbs;5.27.2003 (21);Medina, MN, USA;Midfielder;;Senior;
Alonso Coello;6' 1\";181 lbs;10.12.1999 (25);Madrid, Spain;Midfielder;;Supplemental Slots 25-28;International
Stefan Chirila;;;1.15.2007 (18);Allentown, PA, USA;Forward;;;
Markus Cimermancic;;;10.1.2004 (20);Kitchener, Ontario, Canada;Midfielder;;;
Stefan Cleveland;6' 2\";185 lbs;5.25.1994 (30);Dayton, OH, USA;Goalkeeper;;Senior;
Diego Chara;5' 8\";150 lbs;4.5.1986 (39);Cali, Colombia;Midfielder;Right;Senior;
;;;;;;;;
Brandan Craig;6' 1\";159 lbs;4.7.2004 (20);Philadelphia, PA, USA;Defender;;;
Pedro Cruz;6' 2\";;3.5.2004 (21);;Goalkeeper;;;
Benjamin Cremaschi;6' 0\";159 lbs;3.2.2005 (20);unknown, USA;Midfielder;;Supplemental Slots 21-24;Homegrown
Maxime Crépeau;5' 11\";194 lbs;5.11.1994 (30);Greenfield Park, QC, Canada;Goalkeeper;Right;Senior;International
Carlos Miguel Coronel;6' 4\";194 lbs;12.29.1996 (28);Corumbá, Brazil;Goalkeeper;Right;Senior;
Christopher Cupps;6' 1\";174 lbs;5.26.2008 (16);Chicago, IL, USA;Defender;;;Homegrown
Andrés Cubas;5' 4\";132 lbs;5.11.1996 (28);Campo Grande, Argentina;Midfielder;Right;Senior;International, Designated Player
Matthew Corcoran;6' 0\";170 lbs;2.17.2006 (19);Dallas, TX, USA;Midfielder;;;
Jake Davis;5' 10\";154 lbs;1.3.2002 (23);Rochester, USA;Midfielder;Right;Supplemental Slots 25-28;Homegrown
Mikkel Desler;6' 0\";161 lbs;2.19.1995 (30);Assens, Denmark;Defender;Right;Senior;International
José Artur de Lima Júnior;5' 11\";150 lbs;3.11.1996 (29);Brumado, Brazil;Midfielder;Right;Senior;
Pedro de la Vega;5' 10\";163 lbs;2.7.2001 (24);Olavarría, Argentina;Forward;;;Designated Player
Jonathan Dean;5' 8\";159 lbs;5.15.1997 (27);Macon, GA, USA;Midfielder;;Supplemental Slots 21-24;
Marco Delgado;5' 9\";146 lbs;5.16.1995 (29);Glendora, CA, USA;Midfielder;;Senior;
Djibril Diani;6' 5\";;2.11.1998 (27);Créteil, France;Midfielder;;;International
Jefferson Diaz;6' 1\";183 lbs;12.5.2000 (24);San Andrés, Colombia;Defender;;Senior;International
Patrickson Delgado;5' 11\";168 lbs;10.17.2003 (21);Ibarra, Ecuador;Midfielder;;;
Daniel De Sousa Britto;6' 2\";205 lbs;5.6.1994 (30);Barra do Garças, Brazil;Goalkeeper;;Senior;International
Luis Diaz Espinoza;5' 9\";159 lbs;12.6.1998 (26);Nicoya, Costa Rica;Midfielder;;;
Hamady Diop;6' 0\";;12.26.2001 (23);Dakar, Senegal;Defender;;Supplemental Slots 25-28;Generation adidas, International
Derek Dodson;6' 1\";168 lbs;11.3.1998 (26);Aurora, IL, USA;Defender;;Signed;
Souleyman Doumbia;5' 9\";161 lbs;9.24.1996 (28);Paris, France;Defender;;;
Ronald Donkor;5' 8\";;11.20.2004 (20);Accra, Ghana;Midfielder;;Senior;International
;;;;;;;;
Manu Duah;6' 4\";;;Kumasi, Ghana;Midfielder;;;
Chris Donovan;6' 0\";163 lbs;8.8.2000 (24);Paoli, USA;Forward;;Drafted;
Griffin Dorsey;6';159 lbs;3.5.1999 (26);Evergreen, CO, USA;Defender;Right;Senior;Generation adidas
CJ dos Santos;6' 3\";168 lbs;8.24.2000 (24);Philadelphia, PA, USA;Goalkeeper;;Supplemental Slots 21-24;
Griffin Dillon;5' 11\";159 lbs;4.25.2003 (21);San Diego, CA, USA;Midfielder;;;
Chris Durkin;6' 0\";165 lbs;2.8.2000 (25);Hampton, VA, USA;Midfielder;Right;Supplemental Slots 25-28;Homegrown, U22 Initiative
Raheem Edwards;5' 8\";150 lbs;7.17.1995 (29);Toronto, ON, Canada;Defender;Left;Senior;
Daniel Edelman;5' 10\";141 lbs;4.28.2003 (21);unknown, USA;Midfielder;Both;Supplemental Slots 29-30;Homegrown
Bryce Duke;5' 7\";146 lbs;2.28.2001 (24);Peoria, AZ, USA;Midfielder;;Senior;Homegrown
Jack Elliott;6' 6\";183 lbs;8.25.1995 (29);London, England;Defender;;Senior;
Matthew Edwards;5' 10\";;2.16.2003 (22);Apex, NC, USA;Defender;;;
Morris Duggan;6' 4\";205 lbs;10.24.2000 (24);Munich, Germany;Defender;;Supplemental Slots 25-28;International
Michael Edwards;6' 4\";176 lbs;11.27.2000 (24);Woodbridge, VA, USA;Defender;;Supplemental Slots 21-24;Homegrown
Earl Edwards Jr.;6' 3\";205 lbs;1.24.1992 (33);San Diego, CA, USA;Goalkeeper;Right;Supplemental Slots 21-24;
Noah Eile;6' 5\";;7.19.2002 (22);Lund, Sweden;Defender;;;International
Emeka Eneli;5' 9\";;10.18.1999 (25);unknown, USA;Midfielder;;Supplemental Slots 25-28;
Ramiro Enrique;5' 7\";150 lbs;5.4.2001 (23);Burzaco, Argentina, Argentina;Forward;;Senior;U22 Initiative
Lukas Engel;5' 11\";;12.14.1998 (26);Kastrup, Denmark;Defender;;;
Ascel Essengue;6' 1\";170 lbs;4.30.2003 (21);Yaoundé, Cameroon;Defender;;;
Marco Farfan;5' 10\";159 lbs;11.12.1998 (26);Portland, OR, USA;Defender;Left;Senior;
Maximiliano Falcón;5' 10\";176 lbs;5.1.1997 (27);Paysandú, Uruguay;Defender;Right;;
Diego Fagúndez;5' 8\";141 lbs;2.14.1995 (30);Montevideo, Uruguay;Midfielder;;Senior;
Derrick Etienne Jr.;5' 10\";170 lbs;11.25.1996 (28);Richmond, VA, USA;Midfielder;Right;Supplemental Slots 25-28;
Cristian Espinoza;5' 9\";161 lbs;4.3.1995 (30);Buenos Aires, Argentina;Midfielder;Right;Senior;Designated Player
Ali Fadal;;;1.14.2004 (21);Kumasi, Ghana;Midfielder;;;
Bryant Farkarlun;;;7.14.2001 (23);;Forward;;Supplemental Slots 21-24;
Andrew Farrell;5' 11\";185 lbs;4.2.1992 (33);Louisville, KY, USA;Defender;Right;Senior;
Ilay Feingold;5' 9\";141 lbs;8.23.2004 (20);Netanya, Israel;Defender;;;U22 Initiative
Mohamed Farsi;5' 10\";152 lbs;12.16.1999 (25);Montreal, Canada;Defender;Right;Senior;International
Jordan Farr;6' 1\";181 lbs;10.5.1994 (30);Salem, OR, USA;Goalkeeper;;;
;;;;;;;;
Omir Fernández;5' 7\";141 lbs;2.8.1999 (26);Bronx, NY, USA;Midfielder;;Senior;Homegrown
Jesús Ferreira;5' 8\";150 lbs;12.24.2000 (24);Santa Marta, Colombia;Forward;Right;Senior;
Joaquín Fernández;6' 3\";;5.31.1996 (28);Huércal de Almería, Spain;Defender;;;
Nicolas Fleuriau Chateau;;;5.21.2002 (22);;Forward;;;
Kobe Franklin;5' 6\";152 lbs;5.10.2003 (21);East York, Canada;Defender;;Signed;Homegrown, International
CJ Fodrey;6' 2\";159 lbs;2.10.2004 (21);San Jose, CA, USA;Forward;;Supplemental Slots 25-28;Generation adidas
Ian Fray;6' 0\";159 lbs;8.31.2002 (22);unknown, USA;Defender;;Signed;Homegrown
Max Floriani;6' 2\";187 lbs;2.6.2003 (22);Gurnee, IL, USA;Defender;;;
Matt Freese;6' 3\";194 lbs;9.2.1998 (26);Wayne, PA, USA;Goalkeeper;;Supplemental Slots 25-28;Homegrown
Wayne Frederick;6' 0\";146 lbs;6.13.2004 (20);Cabin John, MD, USA;Forward;;;
Jimer Fory;6' 2\";179 lbs;5.24.2002 (22);Santander de Quilichao, Colombia;Defender;Left;;
Ajani Fortune;5' 9\";165 lbs;12.30.2002 (22);Raleigh, NC, USA;Midfielder;Right;Supplemental Slots 29-30;Homegrown
Gilberto Flores;6' 0\";;4.1.2003 (22);Asunción, Paraguay;Defender;;;
Mamadou Fofana;6' 1\";165 lbs;1.21.1998 (27);Bamako, Mali;Defender;Both;;
Jeffrey Gal;6' 2\";;4.6.1993 (31);Chicago, IL, USA;Goalkeeper;;Supplemental Slots 21-24;
Luka Gavran;6' 6\";201 lbs;5.9.2000 (24);Hamilton, Ontario, Canada;Goalkeeper;;;
Stefan Frei;6' 3\";196 lbs;4.20.1986 (38);Altstätten, Switzerland;Goalkeeper;;Senior;
Ignatius Ganago;5' 10\";161 lbs;2.16.1999 (26);Douala, Cameroon;Forward;;;
Manu García;5' 7\";150 lbs;1.2.1998 (27);Oviedo, Spain;Midfielder;;;
Julian Gaines;5' 10\";146 lbs;11.5.2002 (22);Austin, Texas, USA;Defender;;Supplemental Slots 21-24;
Owen Gene;6' 1\";;3.19.2003 (22);Nanterre, France;Midfielder;;;U22 Initiative, International
Joran Gerbet;5' 11\";163 lbs;6.30.2001 (23);Valence, France;Midfielder;;;
Pedro Gallese;6' 2\";174 lbs;2.23.1990 (35);Lima, Peru;Goalkeeper;Right;Senior;International
Blake Gillingham;;;10.11.2002 (22);San Jose, CA, USA;Goalkeeper;;;
Omar González;6' 5\";207 lbs;10.11.1988 (36);Dallas, TX, USA;Defender;;Supplemental Slots 21-24;
Olivier Giroud;6' 4\";201 lbs;9.30.1986 (38);Chambéry, France;Forward;Left;;
Justen Glad;6' 0\";146 lbs;2.28.1997 (28);Pasadena, AZ, USA;Defender;;Senior;Homegrown
Antonio Gomez;;;12.15.2001 (23);;Defender;;;
;;;;;;;;
Aníbal Godoy;5' 11\";165 lbs;2.10.1990 (35);Panama City, Panama;Midfielder;Left;Senior;
Jakob Glesnes;6' 2\";185 lbs;3.25.1994 (31);Bergen, Norway;Defender;Right;Senior;
Ashton Gordon;;;4.14.2007 (17);Decatur, GA, USA;Forward;;;Homegrown
Yéimar Gomez Andrade;6' 2\";203 lbs;6.30.1992 (32);Tadó, Colombia;Defender;Right;Senior;International
Omari Glasgow;5' 9\";150 lbs;11.22.2003 (21);Georgetown, Guyana;Forward;;;
Zavier Gozo;;;3.22.2007 (18);West Valley City, UT, USA;Midfielder;;;
Aleksandr Guboglo;6' 0\";174 lbs;3.20.2007 (18);Ottawa, ON, Canada;Defender;;;
Justin Haak;6' 0\";165 lbs;9.12.2001 (23);Brooklyn, NY, USA;Midfielder;;Supplemental Slots 25-28;Homegrown
Gage Guerra;5' 10\";;12.21.2002 (22);Houston, TX, USA;Forward;;;
Brad Guzan;6' 4\";207 lbs;9.9.1984 (40);Evergreen Park, IL, USA;Goalkeeper;Left;Senior;
Owen Graham-Roache;6' 0\";187 lbs;2.11.2008 (17);Montreal, Canada;Forward;;;
Tayvon Gray;5' 11\";163 lbs;8.19.2002 (22);Bronx, NY, USA;Defender;;Senior;Homegrown
Julian Gressel;6' 0\";185 lbs;12.16.1993 (31);Neustadt an der Aisch, Germany;Defender;Right;Senior;
Stian Gregersen;6' 3\";183 lbs;5.17.1995 (29);Kristiansund, Norway;Defender;Right;Senior;
Colin Guske;6' 0\";;1.29.2007 (18);St. Johns, FL, USA;Midfielder;;;
Nick Hagglund;6' 0\";159 lbs;9.14.1992 (32);Cincinnati, OH, USA;Defender;;Senior;
Taha Habroune;6';;2.5.2006 (19);Columbus, OH, USA;Forward;;;Homegrown
Teenage Hadebe;5' 11\";163 lbs;9.17.1995 (29);Bulawayo, Zimbabwe;Defender;;Senior;Designated Player, International
Nico Hansen;6' 2\";170 lbs;7.10.2001 (23);Southwest Ranches, FL, USA;Goalkeeper;;;
Bret Halsey;5' 9\";150 lbs;6.1.2000 (24);unknown, USA;Defender;;Supplemental Slots 21-24;Generation adidas
Julian Hall;5' 9\";161 lbs;3.24.2008 (17);New York City, NY, USA;Forward;;Supplemental Slots 29-30;Homegrown
Michael Halliday;6' 1\";157 lbs;1.22.2003 (22);Orlando, FL, USA;Defender;;Senior;Homegrown
Belal Halbouni;6' 2\";;12.29.1999 (25);Ontario, Canada;Defender;;;
Alexander Hack;6' 4\";194 lbs;9.8.1993 (31);Memmingen, Germany;Defender;;;
Maren Haile-Selassie;5' 10\";150 lbs;3.13.1999 (26);Zürich, Switzerland;Midfielder;Right;Senior;International
;;;;;;;;
Nathan Harriel;5' 10\";150 lbs;4.23.2001 (23);Oldsmar, Florida, USA;Defender;;Supplemental Slots 25-28;Homegrown
Alex Harris;5' 11\";161 lbs;2.16.2005 (20);Vancouver, WA, USA;Forward;;;
Carlos Harvey;6' 1\";196 lbs;2.3.2000 (25);Panama City, Panama;Defender;;Supplemental Slots 25-28;
Thomas Hasal;6' 4\";190 lbs;7.9.1999 (25);Cambridge, ON, Canada;Goalkeeper;;Senior;Homegrown
Ian Harkes;5' 11\";161 lbs;3.30.1995 (30);Derby, England;Midfielder;;;
Cameron Harper;5' 9\";157 lbs;11.19.2001 (23);unknown, USA;Forward;Right;Senior;
Ronald Hernández;5' 7\";154 lbs;9.21.1997 (27);Barinas, Venezuela;Defender;Right;Senior;International
Aaron Herrera;5' 11\";176 lbs;6.6.1997 (27);Las Cruces, NM, USA;Defender;Right;Senior;Homegrown
Fabian Herbers;6' 0\";165 lbs;8.17.1993 (31);Ahaus, Germany;Midfielder;Right;Senior;
Bode Hidalgo;6' 0\";170 lbs;2.22.2002 (23);Sandy, UT, USA;Defender;;Supplemental Slots 25-28;Homegrown
Jannes Horn;6' 1\";179 lbs;2.6.1997 (28);Braunschweig, Germany;Defender;Left;;
Dominic Iankov;5' 11\";;7.28.2000 (24);Toronto, ON, Canada;Midfielder;;;
Odin Holm;5' 9\";;1.18.2003 (22);Trondheim, Norway;Midfielder;;;
Keegan Hughes;6' 3\";192 lbs;7.22.2000 (24);Newark, OH, USA;Defender;;Ineligible - On Loan;Homegrown
Jayden Hibbert;;;8.5.2004 (20);Teaneck, NJ, USA;Goalkeeper;;;
Andrés Herrera;5' 10\";165 lbs;11.3.1998 (26);Corrientes, Argentina;Defender;;Senior;
Brendan Hines-Ike;6' 1\";170 lbs;11.30.1994 (30);Denver, CO, USA;Defender;;Senior;
Kyle Hiebert;6' 0\";187 lbs;7.30.1997 (27);Winnipeg, Canada;Defender;;Senior;
Bongokuhle Hlongwane;6' 1\";172 lbs;6.20.2000 (24);Nxamalala, South Africa;Forward;Right;Senior;
Aljaz Ivacic;6' 2\";181 lbs;12.29.1993 (31);Ljubljana, Slovenia;Goalkeeper;Right;Senior;International
Sebastien Uchechukwu Ibeagha;6' 2\";187 lbs;1.21.1992 (33);Warri, Nigeria;Defender;;Senior;
Lorenzo Insigne;5' 4\";130 lbs;6.4.1991 (33);Frattamaggiore, Italy;Forward;Right;Senior;International, Designated Player
Mohanad Jeahze;5' 5\";;4.10.1997 (27);Linkoping, Sweden;Defender;Left;Senior;International
Ian James;6' 2\";;6.6.2008 (16);St. Louis Park, MN, USA;Defender;;;Homegrown
Sunusi Ibrahim;5' 6\";176 lbs;10.1.2002 (22);Keffi, Nigeria;Forward;;Senior;International, U22 Initiative
Aziel Jackson;5' 9\";154 lbs;10.25.2001 (23);New York, NY, USA;Midfielder;;Supplemental Slots 25-28;
Aiden Jarvis;;;11.14.2006 (18);;Midfielder;;;
Ousman Jabang;6' 2\";161 lbs;3.29.2001 (24);McDonough, GA, USA;Midfielder;;Supplemental Slots 25-28;
Robin Jansson;6' 2\";192 lbs;11.15.1991 (33);Trollhättan, Sweden;Defender;;Senior;
;;;;;;;;
Danley Jean Jacques;6' 0\";159 lbs;5.20.2000 (24);Petit-Goâve, Haiti;Midfielder;Right;;
Igor Jesus;5' 10\";;3.7.2003 (22);Goiânia, Brazil;Midfielder;;;
Kim Joon Hong;6' 2\";150 lbs;6.3.2003 (21);Jeonju, South Korea;Goalkeeper;;;
Sean Johnson;6' 3\";216 lbs;5.31.1989 (35);Lilburn, GA, USA;Goalkeeper;Right;Senior;
Hoyeon Jung;5' 11\";;9.28.2000 (24);Mokpo, Jeollanam-do, South Korea;Midfielder;;;International
Stiven Jimenez;5' 8\";150 lbs;6.24.2007 (17);unknown, USA;Midfielder;;Supplemental Slots 29-30;Homegrown
Sam Junqua;6' 0\";170 lbs;11.9.1996 (28);Saratoga, CA, USA;Defender;;Senior;
Preston Judd;6' 3\";209 lbs;5.28.1999 (25);Las Vegas, NV, USA;Forward;;Supplemental Slots 21-24;
Sang Bin Jeong;5' 9\";168 lbs;4.1.2002 (23);Chungnam, South Korea;Forward;Right;Senior;U22 Initiative, International
Bernard Kamungo;5' 9\";150 lbs;1.1.2002 (23);Kasulu, Tanzania;Forward;;Supplemental Slots 21-24;
Alexandros Katranis;5' 9\";154 lbs;5.4.1998 (26);Volos, Greece;Defender;Left;;
Mathias Jørgensen;6' 2\";174 lbs;4.23.1990 (34);Copenhagen, Denmark;Defender;;;
Sean Karani;;;12.14.2000 (24);Wichita, KS, USA;Midfielder;;;
Henry Kessler;6' 4\";185 lbs;6.25.1998 (26);New York City, NY, USA;Defender;;Senior;
João Klauss;6' 1\";165 lbs;3.1.1997 (28);Criciúma, Brazil;Forward;Right;Senior;Designated Player, International
Mark-Anthony Kaye;6' 1\";170 lbs;12.2.1994 (30);Toronto, ON, Canada;Midfielder;Left;Senior;
Kristijan Kahlina;6' 2\";;7.24.1992 (32);Zagreb, Croatia;Goalkeeper;;Senior;International
Eric Klein;;;11.20.2006 (18);;Midfielder;;;
Kee-hee Kim;6' 2\";172 lbs;7.13.1989 (35);Busan, South Korea;Defender;;;
Mateusz Klich;6' 0\";185 lbs;6.13.1990 (34);Tarnow, Poland;Midfielder;Right;Senior;International
Žan Kolmanič;5' 10\";152 lbs;3.3.2000 (25);Celje, Slovenia;Defender;;Senior;
Stas Korzeniowski;;;;;Forward;;;
Stanislav Lapkes;;;3.3.2006 (19);Minsk, Belarus;Goalkeeper;;;
Luca Langoni;5' 8\";146 lbs;2.9.2002 (23);Buenos Aires, Argentina;Forward;;;U22 Initiative
Diego Konincks;;;11.30.2000 (24);Montfoort, Netherlands;Defender;;;
Sebastian Kowalczyk;5' 7\";119 lbs;8.22.1998 (26);Szczecin, Poland;Midfielder;Right;Supplemental Slots 21-24;International
Lassi Lappalainen;6' 0\";168 lbs;8.24.1998 (26);Espoo, Finland;Midfielder;Right;Senior;International
Willy Kumado;;;10.16.2002 (22);Accra, Ghana;Defender;;;
Damir Kreilach;6' 1\";174 lbs;4.16.1989 (35);Vukovar, Croatia;Midfielder;Right;Senior;International
Nick Lima;5' 9\";176 lbs;11.17.1994 (30);Castro Valley, CA, USA;Defender;;Senior;
;;;;;;;;
Tucker Lepley;5' 4\";;1.17.2002 (23);Charlotte, NC, USA;Forward;;;
Richie Laryea;5' 9\";150 lbs;1.7.1995 (30);Toronto, ON, Canada;Defender;Right;Senior;
Ariel Lassiter;5' 10\";154 lbs;9.27.1994 (30);Turrialba, Costa Rica;Midfielder;Both;Senior;
Oliver Larraz;5' 10\";139 lbs;9.16.2001 (23);unknown, USA;Midfielder;;Supplemental Slots 29-30;Homegrown
Randall Leal;5' 7\";163 lbs;1.14.1997 (28);San José, Costa Rica;Midfielder;Right;Senior;International
Brooks Lennon;5' 10\";157 lbs;9.22.1997 (27);Paradise Valley, AZ, USA;Defender;Right;Senior;
Kyle Linhares;;;8.17.2002 (22);Somerset, NJ, USA;Forward;;;
Danny Leyva;5' 10\";150 lbs;5.5.2003 (21);Las Vegas, NV, USA;Midfielder;;Supplemental Slots 25-28;Homegrown
Hugo Lloris;6' 2\";181 lbs;12.26.1986 (38);Nice, France;Goalkeeper;Left;;
Sebastian Lletget;5' 10\";152 lbs;9.3.1992 (32);San Francisco, CA, USA;Midfielder;Left;Senior;
Jasper Löffelsend;5' 11\";;9.10.1997 (27);Koln, Germany, Germany;Defender;;Supplemental Slots 25-28;International
Saba Lobjanidze;5' 9\";159 lbs;12.18.1994 (30);Tiflis, Georgia;Midfielder;Left;Senior;International
Victor Loturi;5' 8\";157 lbs;5.21.2001 (23);Calgary, AB, Canada;Midfielder;;;
Matty Longstaff;5' 7\";;3.21.2000 (25);Rotherham, England;Midfielder;;;
Hernán López;5' 6\";;9.7.2000 (24);Villa del Parque, Argentina;Midfielder;;;
Evan Louro;6' 3\";225 lbs;1.19.1996 (29);South River, NJ, USA;Goalkeeper;;Supplemental Slots 21-24;
Robin Lod;5' 11\";190 lbs;4.17.1993 (31);Helsinki, Finland;Midfielder;Left;Senior;
Kevin Long;6' 2\";;8.18.1990 (34);Cork, Ireland;Defender;;;
Chucky Lozano;5' 9\";154 lbs;7.30.1995 (29);Mexico City, Mexico;Forward;Right;;
Liam Mackenzie;5' 11\";165 lbs;3.15.2007 (18);Comox, BC, Canada;Defender;;;
Daniel Lovitz;5' 11\";165 lbs;8.27.1991 (33);Wyndmoor, PA, USA;Defender;Left;Senior;
Ben Lundt;6' 6\";220 lbs;9.24.1995 (29);Berlin, Germany;Goalkeeper;Right;Supplemental Slots 21-24;
Gonzalo Luján;6';;4.7.2001 (23);Buenos Aires, Argentina;Defender;;;
Olwethu Makhanya;;;4.30.2004 (20);KwaZulu Natal, South Africa;Defender;Right;Senior;International
AJ Marcucci;6' 3\";190 lbs;7.31.1999 (25);West Chester, USA;Goalkeeper;;Supplemental Slots 21-24;
Jack Maher;6' 3\";183 lbs;10.28.1999 (25);Caseyville, IL, USA;Defender;;Senior;Generation adidas
Peter Mangione;;;8.25.2001 (23);;Midfielder;;;
JT Marcinkowski;6' 1\";185 lbs;5.9.1997 (27);Alamo, CA, USA;Goalkeeper;;Senior;Homegrown
;;;;;;;;
Dominik Marczuk;5' 10\";;11.1.2003 (21);Międzyrzec Podlaski, Poland;Midfielder;;;
Thiago Martins;6' 1\";172 lbs;3.17.1995 (30);São João Evangelista, Brazil;Defender;Right;Senior;International, Designated Player
Anthony Markanich;6' 1\";;12.26.1999 (25);Bourbonnais, IL, USA;Defender;;Signed;
Andreas Maxsø;6' 3\";187 lbs;3.18.1994 (31);Hvidovre, Denmark;Defender;Both;Senior;International
Paul Marie;5' 7\";152 lbs;3.24.1995 (30);Saint-Aubin-des-Bois, France;Defender;;Senior;
Olivier Mbaizo;5' 11\";154 lbs;8.15.1997 (27);Douala, Cameroon;Defender;Right;Senior;
Kenji Mboma Dem;;;1.22.2002 (23);Mantes-la-Jolie, France;Forward;;;
Jimmy Maurer;6' 2\";192 lbs;10.14.1988 (36);Lawrenceville, GA, USA;Goalkeeper;;Senior;
John McCarthy;6' 1\";185 lbs;7.4.1992 (32);Cinnaminson, USA;Goalkeeper;;Supplemental Slots 21-24;
Jack McGlynn;6' 0\";161 lbs;7.7.2003 (21);Middle Village, New York, USA;Midfielder;Left;Supplemental Slots 29-30;Homegrown
Paddy McNair;6' 2\";176 lbs;4.27.1995 (29);Ballyclare, Northern Ireland;Defender;Right;;
Novak Micovic;6' 3\";170 lbs;10.25.2001 (23);Belgrad, Yugoslavia;Goalkeeper;;;International
Loïc Mesanvi;5' 8\";130 lbs;10.6.2003 (21);Lome, Togo;Midfielder;;Supplemental Slots 25-28;
Duncan McGuire;6' 1\";;2.5.2001 (24);USA, USA;Forward;;Senior;
Peyton Miller;5' 7\";154 lbs;11.8.2007 (17);Unionville, CT, USA;Defender;;;
Zac McGraw;6' 4\";205 lbs;6.8.1997 (27);Torrence, CA, USA;Defender;;Supplemental Slots 21-24;
Adri Mehmeti;;;4.6.2009 (15);;Midfielder;;;
Carlos Mercado;6' 3\";190 lbs;9.27.1999 (25);Laredo, TX, USA;Goalkeeper;Right;;
Wyatt Meyer;6' 2\";196 lbs;11.1.2001 (23);Berkeley, CA, USA;Midfielder;;;
Kamal Miller;6' 0\";165 lbs;5.16.1997 (27);Scarborough, ON, Canada;Defender;Left;Senior;
Shakur Mohammed;5' 10\";159 lbs;8.27.2003 (21);Kumasi, Ghana, Ghana;Midfielder;;Supplemental Slots 25-28;Generation adidas, International
Harbor Miller;;;6.21.2007 (17);Fullerton, CA, USA;Defender;;;
Eric Miller;6' 1\";174 lbs;1.15.1993 (32);Woodbury, MN, USA;Defender;Right;Supplemental Slots 21-24;
Georgi Minoungou;;;7.25.2002 (22);Batiebly-Douibly, Côte d'Ivoire;Forward;;;
Jansen Miller;6' 2\";181 lbs;2.10.2002 (23);St. Louis, MO, USA;Defender;;;
Shaq Moore;5' 11\";163 lbs;11.2.1996 (28);Powder Springs, GA, USA;Defender;Right;Senior;
Zane Monlouis;6' 1\";;10.16.2003 (21);Lewisham, England;Defender;;;
Peter Molinari;;;1.28.2009 (16);;Midfielder;;;
João Paulo Mior;5' 6\";154 lbs;3.8.1991 (34);Serafina Corrêa, Brazil;Midfielder;Right;Senior;
;;;;;;;;
Efraín Morales;6' 3\";183 lbs;3.4.2004 (21);Decatur, GA, USA;Defender;Right;Supplemental Slots 29-30;Homegrown
Steven Moreira;5' 10\";159 lbs;8.13.1994 (30);Noisy-le-grand, France;Defender;Right;Senior;
Daniel Munie;6' 0\";181 lbs;2.10.2000 (25);Maryland Heights, MO, USA;Defender;Right;Supplemental Slots 25-28;
Santiago Morales;5' 7\";148 lbs;2.9.2007 (18);Santa Cruz de Tenerife, Spain;Midfielder;Right;Supplemental Slots 29-30;Homegrown
Santiago Moreno;5' 8\";148 lbs;4.21.2000 (24);Cali, Colombia;Forward;;Signed;International, U22 Initiative
Lewis Morgan;5' 10\";165 lbs;9.30.1996 (28);Paisley, Scotland;Midfielder;Left;Senior;International
Ian Murphy;6' 2\";185 lbs;1.16.2000 (25);California, CA, USA;Defender;;Supplemental Slots 25-28;
Juan Mosquera;5' 11\";159 lbs;9.5.2002 (22);unknown, Colombia;Defender;Right;Senior;
Cole Mrowka;;;4.6.2006 (18);Usa, USA;Midfielder;;;Homegrown
Sean Nealis;6' 4\";174 lbs;1.13.1997 (28);Massapequa, NY, USA;Defender;;Senior;
John Nelson;5' 9\";163 lbs;7.11.1998 (26);Medina, OH, USA;Defender;;Supplemental Slots 25-28;Generation adidas
Tristan Muyumba;5' 5\";119 lbs;3.7.1997 (28);Paris, France;Midfielder;Right;Senior;
Logan Ndenbe;5' 9\";159 lbs;2.9.2000 (25);Mouscron, Belgium;Defender;Left;Senior;U22 Initiative
Darlington Nagbe;5' 9\";165 lbs;7.19.1990 (34);Monrovia, Liberia;Midfielder;Right;Senior;Designated Player
Dylan Nealis;5' 11\";174 lbs;7.30.1998 (26);Massapequa, NY, USA;Defender;;Senior;
Trey Muse;6' 4\";185 lbs;7.26.1999 (25);Louisville, KY, USA;Goalkeeper;;;Homegrown
Matheus Nascimento;6' 0\";170 lbs;3.3.2004 (21);Niterói, Brazil;Forward;;;
Enzo Newman;5' 9\";161 lbs;12.8.2005 (19);Temecula, CA, USA;Defender;;;
Danny Musovski;6' 0\";170 lbs;11.30.1995 (29);Henderson, NV, USA;Forward;;Supplemental Slots 21-24;
Jean Claude Ngando;5' 9\";174 lbs;11.20.1999 (25);Douala, Cameroon;Midfielder;;Supplemental Slots 25-28;International, Generation adidas
Nolan Norris;5' 11\";150 lbs;2.17.2005 (20);Fort Worth, TX, USA;Defender;;Supplemental Slots 29-30;Homegrown
Obinna Nwobodo;5' 11\";143 lbs;11.29.1996 (28);Enugu, Nigeria;Midfielder;Both;Senior;International, Designated Player
Ethan O'Brien;6' 0\";170 lbs;1.24.2001 (24);Dublin, Ireland;Midfielder;;;
Serge Ngoma;5' 10\";165 lbs;7.9.2005 (19);North Plainfield, NJ, USA;Forward;Right;Supplemental Slots 25-28;Homegrown
Tsiki Ntsabeleng;5' 7\";159 lbs;2.9.1998 (27);Johannesburg, South Africa;Midfielder;;Supplemental Slots 21-24;
Kenneth Nielsen;;;2.13.2002 (23);Irvine, CA, USA;Defender;;;
Kevin O'Toole;5' 10\";150 lbs;12.14.1998 (26);Montclair, NJ, USA;Forward;;Signed;
Mark O'Neill;6' 1\";185 lbs;3.8.2002 (23);Boulder, CO, USA;Defender;;;
Joakim Nilsson;6' 1\";172 lbs;2.6.1994 (31);Härnösand, Sweden;Defender;Right;Senior;International
Agustín Ojeda;5' 7\";;;Rosario, Argentina;Forward;;;
;;;;;;;;
Christian Olivares;6' 4\";194 lbs;2.4.2002 (23);Tacoma, WA, USA;Goalkeeper;;;
David Ochoa;6' 2\";174 lbs;1.16.2001 (24);Oxnard, CA, USA;Goalkeeper;;Supplemental Slots 25-28;Homegrown
Braian Ojeda;5' 8\";152 lbs;6.27.2000 (24);Itaugua, Paraguay, Paraguay;Midfielder;Right;Senior;International
Luca Orellano;5' 7\";146 lbs;3.22.2000 (25);Álvarez, Argentina;Forward;Left;;
Sergio Oregel;5' 9\";143 lbs;5.16.2005 (19);Evergreen Park, IL, USA;Midfielder;;Supplemental Slots 25-28;Homegrown
Kwadwo Opoku;5' 7\";154 lbs;7.13.2001 (23);Accra, Ghana;Forward;;Senior;International
Wyatt Omsberg;6' 4\";181 lbs;9.21.1995 (29);Scarborough,ME, USA;Defender;;Senior;
Christopher Olney Jr;;;12.16.2006 (18);unknown, USA;Midfielder;;;
Devin Padelford;6' 0\";183 lbs;1.3.2003 (22);Maplewood, MN, USA;Defender;;Supplemental Slots 29-30;Homegrown
Tomas Ostrak;5' 9\";165 lbs;2.5.2000 (25);Frýdek-Místek, Czech Republic;Midfielder;Right;Ineligible - Injured List;International
Joseph Paintsil;5' 7\";154 lbs;2.1.1998 (27);Accra, Ghana;Forward;Right;;
Nelson Palacio;5' 11\";176 lbs;6.16.2001 (23);Apartadó, Colombia;Midfielder;Right;Senior;U22 Initiative, International
Jeisson Palacios;6' 1\";174 lbs;3.20.1994 (31);Carepa, Colombia;Defender;;;
Javier Otero;6' 6\";190 lbs;11.18.2002 (22);unknown, Venezuela;Goalkeeper;;Supplemental Slots 21-24;Homegrown
Joao Ortiz;5' 10\";;5.1.1996 (28);Esmeraldas, Ecuador;Midfielder;;;
Harold Osorio;5' 10\";154 lbs;8.20.2003 (21);San Salvador, El Salvador;Midfielder;;;
Sergi Palencia;5' 6\";148 lbs;3.23.1996 (29);Badalona, Spain;Defender;Right;Senior;International
Maarten Paes;6' 3\";181 lbs;5.14.1998 (26);Nijmegen, Netherlands;Goalkeeper;Right;Senior;
James Pantemis;6' 1\";170 lbs;2.21.1997 (28);Montreal, QC, Canada;Goalkeeper;;Supplemental Slots 21-24;Homegrown
Isaiah Parente;5' 10\";150 lbs;3.16.2000 (25);Medina, OH, USA;Midfielder;;Supplemental Slots 29-30;Homegrown
Tom Pearce;6' 1\";163 lbs;4.12.1998 (26);Ormskirk, England;Defender;;;
Cristhian Paredes;6' 0\";154 lbs;5.18.1998 (26);Paraguarí, Paraguay;Midfielder;Right;Senior;
Keaton Parks;6' 3\";179 lbs;8.6.1997 (27);Plano, TX, USA;Midfielder;Right;Senior;
Nick Pariano;5' 7\";;3.16.2003 (22);;Midfielder;;;
Jack Panayotou;5' 7\";146 lbs;6.5.2004 (20);Cambridge, MA, USA;Midfielder;;Supplemental Slots 29-30;Homegrown
Tim Parker;6' 2\";194 lbs;2.23.1993 (32);New York, NY, USA;Defender;;Senior;
;;;;;;;;
João Peglow;5' 8\";150 lbs;1.7.2002 (23);Porto Alegre, Brazil;Forward;;;
Raoul Petretta;5' 9\";154 lbs;3.24.1997 (28);Rheinfelden, Germany;Defender;Left;Senior;International
Andrés Perea;6' 0\";159 lbs;11.14.2000 (24);Tampa, FL, USA;Midfielder;Right;Senior;
Mauricio Pineda;6' 1\";172 lbs;10.17.1997 (27);Chicago, IL, USA;Defender;;Senior;Homegrown
Nikola Petkovic;;;2.23.2003 (22);unknown, Serbia;Midfielder;;;U22 Initiative, International
Luca Petrasso;5' 11\";168 lbs;6.16.2000 (24);North York, ON, Canada;Defender;Left;Supplemental Slots 25-28;Homegrown
Joaquín Pereyra;5' 11\";;12.1.1998 (26);Paraná, Argentina;Midfielder;;;Designated Player, International
Neil Pierre;6' 5\";;10.9.2007 (17);Lebanon, PA, USA;Midfielder;;;
Dani Pereira;5' 9\";150 lbs;7.14.2000 (24);Caracas, Venezuela;Midfielder;;Senior;
Ian Pilcher;6' 1\";;;Charlotte, NC, USA;Defender;;;
Samuel Piette;5' 7\";161 lbs;11.12.1994 (30);Le Gardeur, QC, Canada;Midfielder;Right;Senior;
Nemanja Radoja;6' 1\";170 lbs;2.6.1993 (32);Novi Sad, Serbia;Midfielder;Right;Senior;International
Matt Polster;6' 0\";170 lbs;6.8.1993 (31);Milwaukee, WI, USA;Midfielder;Right;Senior;
Ralph Priso;5' 9\";176 lbs;8.2.2002 (22);Toronto, ON, Canada;Midfielder;;Supplemental Slots 25-28;Homegrown
Owen Presthus;;;2.21.2006 (19);;Midfielder;;;
Philip Quinton;6' 6\";205 lbs;11.16.1999 (25);Portland, OR, USA;Defender;;;
John Pulskamp;6' 4\";209 lbs;4.19.2001 (23);Bakersfield, CA, USA;Goalkeeper;;Supplemental Slots 29-30;Homegrown
Gabriel Pirani;5' 7\";157 lbs;4.12.2002 (22);Penápolis, Brazil;Midfielder;;Senior;U22 Initiative
Célio Pompeu;5' 10\";163 lbs;12.10.1999 (25);Fortaleza, Brazil;Midfielder;;Supplemental Slots 25-28;
Andrew Privett;6' 1\";174 lbs;8.2.2000 (24);Fallston, MD, USA;Midfielder;;Supplemental Slots 25-28;
Alvas Powell;6' 0\";165 lbs;7.18.1994 (30);St. Thomas, Jamaica;Defender;Right;Senior;
Anthony Ramírez;5' 7\";146 lbs;12.22.2005 (19);Dallas, TX, USA;Midfielder;;;Homegrown
;;;;;;;;
Brooklyn Raines;5' 8\";141 lbs;3.11.2005 (20);unknown, unknown;Midfielder;;Signed;Homegrown
Jackson Ragen;6' 6\";205 lbs;9.24.1998 (26);Seattle, WA, USA;Defender;;Supplemental Slots 25-28;
Rubén Ramos Jr.;5' 9\";154 lbs;1.22.2007 (18);La Puente, CA, USA;Forward;;;
Federico Redondo;6' 2\";;1.18.2003 (22);Madrid, Spain;Midfielder;;;International, U22 Initiative
Alex Rando;6' 3\";185 lbs;4.15.2001 (23);New York City, NY, USA;Goalkeeper;;;
Will Reilly;5' 10\";159 lbs;12.3.2002 (22);Decatur, GA, USA;Midfielder;;;Homegrown
Marco Reus;5' 11\";157 lbs;5.31.1989 (35);Dortmund, Germany;Midfielder;Right;;
Jeremy Rafanello;6' 0\";165 lbs;4.14.2000 (24);Delran Township, USA;Midfielder;;Supplemental Slots 25-28;Homegrown
Andrew Rick;;;1.30.2006 (19);unknown, USA;Goalkeeper;;;
Sam Rogers;6' 4\";190 lbs;5.17.1999 (25);Seattle, WA, USA;Defender;;;
Rocco Ríos Novo;5' 10\";154 lbs;6.4.2002 (22);Los Angeles, CA, USA;Goalkeeper;;Senior;
Justin Reynolds;5' 9\";165 lbs;8.4.2004 (20);Chicago, IL, USA;Defender;;Supplemental Slots 29-30;Homegrown
Memo Rodríguez;5' 8\";146 lbs;12.27.1995 (29);Wharton, TX, USA;Midfielder;;Senior;Homegrown
Nicolás Rodríguez;5' 8\";;4.24.2004 (20);San José del Guaviare, Guaviare, Colombia;Midfielder;;;
Kayne Rizvanovich;;;10.26.2007 (17);;Goalkeeper;;;
Reid Roberts;6' 1\";179 lbs;12.9.2003 (21);Fort Collins, CO, USA;Defender;;;
Miles Robinson;6' 2\";185 lbs;3.14.1997 (28);Arlington, MA, USA;Defender;Right;Senior;
Birk Risa;6' 2\";174 lbs;2.13.1998 (27);Tjora, Norway;Defender;Left;Senior;International
Nicolás Romero;6' 1\";;11.28.2003 (21);Chumbicha, Argentina;Defender;;;U22 Initiative, International
Alex Roldan;5' 10\";154 lbs;7.28.1996 (28);Artesia, CA, USA;Defender;Right;Senior;
Connor Ronan;5' 7\";154 lbs;3.6.1998 (27);Rochdale, England;Midfielder;;Senior;International
Dave Romney;6' 2\";190 lbs;6.12.1993 (31);Irvine, CA, USA;Defender;;Senior;
Tomás Romero;6' 2\";190 lbs;12.19.2000 (24);Cherry Hill, NJ, USA;Goalkeeper;Right;Supplemental Slots 21-24;Homegrown
Dany Rosero;6' 2\";192 lbs;10.6.1993 (31);Bogotá, Colombia;Defender;Right;Senior;International
Anderson Rosa;5' 10\";;11.13.2001 (23);Salvador, Bahia, Brazil;Defender;;;
Andy Rojas;;;12.5.2005 (19);Grecia, Costa Rica;Midfielder;;;
Tanner Rosborough;;;3.21.2008 (17);Pittsburgh, PA, USA;Midfielder;;;
Joseph Rosales;5' 11\";161 lbs;11.6.2000 (24);Tegucigalpa, Honduras;Midfielder;Left;Senior;
Pablo Ruiz;5' 8\";176 lbs;12.20.1998 (26);Comodoro de Rivadavia, Argentina;Midfielder;Left;Senior;
Besard Sabovic;6' 1\";170 lbs;1.5.1998 (27);Stockholm, Sweden;Midfielder;;Senior;International
;;;;;;;;
Kye Rowles;6' 1\";176 lbs;6.24.1998 (26);Kiama, Australia;Defender;Left;;
David Ruiz;5' 10\";;2.8.2004 (21);unknown, USA;Midfielder;;Supplemental Slots 25-28;
Lucas Sanabria;5' 11\";;12.26.2003 (21);Florida, Uruguay;Midfielder;;;
Ilie Sánchez;6';174 lbs;11.21.1990 (34);Barcelona, Spain;Midfielder;Right;Senior;
Anisse Saidi;;;6.20.2008 (16);;Forward;;;
Adam Saldaña;5' 6\";146 lbs;2.7.2002 (23);Panorama City, CA, USA;Midfielder;;Supplemental Slots 25-28;Homegrown
Diego Rubio;5' 11\";170 lbs;5.15.1993 (31);Santiago de Chile, Chile;Forward;Right;Senior;
Sergio Santos;6' 0\";185 lbs;9.4.1994 (30);Belo Horizonte, Brazil;Forward;Right;Senior;
Nicholas Scardina;5' 11\";163 lbs;6.22.2001 (23);unknown, USA;Midfielder;;Supplemental Slots 31;
Ryan Schewe;6' 4\";194 lbs;3.8.2002 (23);Marietta, GA, USA;Goalkeeper;;;
Rodrigo Schlegel;6';181 lbs;4.3.1997 (28);Remedios de Escalada, Argentina;Defender;Right;Senior;
Will Sands;5' 10\";150 lbs;7.6.2000 (24);Rye, NY, USA;Defender;;Supplemental Slots 21-24;Homegrown
Cooper Sanchez;;;3.26.2007 (18);;Midfielder;;;
Rafael Santos;5' 11\";161 lbs;2.5.1998 (27);Londrina, Brazil;Defender;Left;Senior;
Patrick Schulte;6' 3\";174 lbs;3.13.2001 (24);St. Charles, MO, USA;Goalkeeper;;Senior;Generation adidas
David Schnegg;6' 0\";165 lbs;9.29.1998 (26);Mils bei Imst, Austria;Defender;Left;;
Marlon Santos;6' 1\";179 lbs;9.7.1995 (29);Duque de Caxias, Brazil;Defender;Right;;
Amar Sejdić;5' 10\";159 lbs;11.29.1996 (28);Berlin, Germany;Midfielder;;Senior;
Nykolas Sessock;5' 5\";141 lbs;6.17.2000 (24);Philadelphia, PA, USA;Defender;;;
Gabriel Segal;5' 10\";161 lbs;5.17.2001 (23);Washington, D.C., USA;Forward;;Signed;
Brian Schwake;6' 2\";174 lbs;8.24.2001 (23);West Hartford, CT, USA;Goalkeeper;;;
Jacob Shaffelburg;5' 11\";161 lbs;11.26.1999 (25);Kentville, NS, Canada;Forward;Left;Supplemental Slots 29-30;Homegrown
Oliver Semmle;6' 3\";201 lbs;3.28.1998 (27);Au am Rhein, Germany;Goalkeeper;;;
Tarik Scott;5' 10\";141 lbs;4.23.2005 (19);Brooklyn, NY, USA;Forward;;;Homegrown
Eddie Segura;5' 10\";154 lbs;2.2.1997 (28);Pereira, Colombia;Defender;Right;Senior;
Samuel Shashoua;5' 7\";146 lbs;5.13.1999 (25);London, England;Forward;;Supplemental Slots 21-24;
Brandon Servania;5' 10\";161 lbs;3.12.1999 (26);Birmingham, AL, USA;Midfielder;;Senior;Homegrown
Khiry Shelton;6' 3\";190 lbs;6.26.1993 (31);Fort Carson, CO, USA;Forward;Right;Senior;
;;;;;;;;
Bartosz Slisz;5' 10\";168 lbs;3.29.1999 (26);Rybnik, Poland;Midfielder;Right;Senior;
Alec Smir;6' 2\";183 lbs;4.13.1999 (25);;Goalkeeper;;Senior;
Xande Silva;5' 10\";150 lbs;3.16.1997 (28);Porto, Portugal;Midfielder;Right;Senior;International
Jack Skahan;5' 10\";172 lbs;2.7.1998 (27);unknown, USA;Midfielder;;Supplemental Slots 21-24;
Kyle Smith;5' 11\";181 lbs;1.9.1992 (33);Cincinnati, OH, USA;Defender;;Senior;
Tyger Smalls;6' 1\";;9.18.2001 (23);London, England;Forward;;;
Pablo Sisniega;6' 3\";176 lbs;7.7.1995 (29);Mexico City, Mexico;Goalkeeper;;Senior;
Jonathan Shore;5' 8\";135 lbs;4.13.2007 (17);New York City, NY, USA;Midfielder;;Signed;
Brad Smith;5' 10\";154 lbs;4.9.1994 (30);Penrith, Australia;Defender;Left;Senior;
Dayne St. Clair;6' 3\";190 lbs;5.9.1997 (27);Pickering, ON, Canada;Goalkeeper;Left;Senior;
Kimani Stewart-Baynes;5' 9\";;1.17.2005 (20);Kingstown, Saint Vincent and the Grenadines;Forward;;;
Mason Stajduhar;6' 2\";190 lbs;12.2.1997 (27);Salem, MA, USA;Goalkeeper;Right;Supplemental Slots 29-30;Homegrown
Zack Steffen;6' 3\";190 lbs;4.2.1995 (30);Coatesville, USA;Goalkeeper;Right;;
Ian Smith;6' 1\";;7.16.2002 (22);Littleton, CO, USA;Defender;;;
Travian Sousa;5' 10\";179 lbs;9.19.2001 (23);Sacramento, CA, USA;Defender;Left;;
Lazar Stefanović;6' 2\";;8.10.2006 (18);Clearwater, FL, USA;Defender;;;
Tyrese Spicer;6' 1\";;12.4.2000 (24);Trincity, Trinidad and Tobago;Forward;;;
Daniel Steres;6' 0\";172 lbs;11.11.1990 (34);Burbank, CA, USA;Defender;Right;Senior;
Peter Stroud;5' 10\";150 lbs;4.23.2002 (22);unknown, USA;Midfielder;;Supplemental Slots 29-30;Homegrown
Finn Surman;6' 3\";;9.23.2003 (21);Christchurch, New Zealand;Defender;;;
Erik Sviatchenko;6' 0\";181 lbs;10.4.1991 (33);Viborg, Denmark;Defender;Right;Senior;International
Shapi Suleymanov;5' 7\";146 lbs;12.16.1999 (25);Makhachkala, Russia;Forward;;;
Cavan Sullivan;5' 7\";150 lbs;9.28.2009 (15);Philadelphia, PA, USA;Midfielder;;;
Jared Stroud;5' 10\";159 lbs;7.10.1996 (28);Chester Borough, NJ, USA;Midfielder;;Supplemental Slots 21-24;
Quinn Sullivan;5' 11\";152 lbs;3.27.2004 (21);Philadelphia, PA, USA;Midfielder;Right;Supplemental Slots 21-24;Homegrown
Brad Stuver;6' 3\";181 lbs;4.16.1991 (33);Mayfield, OH, USA;Goalkeeper;;Senior;
Oleksandr Svatok;6' 1\";172 lbs;9.27.1994 (30);Kamianske, Ukraine;Defender;;Senior;International
Michael Sullivan;;;3.3.2003 (22);;Midfielder;;;
;;;;;;;;
Strahinja Tanasijević;6' 0\";;6.12.1997 (27);Belgrad, Yugoslavia;Defender;;;
Jamal Thiaré;6' 0\";154 lbs;3.31.1993 (32);Kaolack, Senegal;Forward;Right;Senior;
DJ Taylor;5' 8\";183 lbs;8.26.1997 (27);Raleigh, NC, USA;Defender;;Senior;
Iúri Tavares;6' 3\";163 lbs;3.8.2001 (24);unknown, Portugal;;;;International
Carlos Terán;6' 2\";187 lbs;9.24.2000 (24);Turbo, Colombia;Defender;;Senior;
Nkosi Tafari;6' 4\";192 lbs;3.23.1997 (28);Manhattan, NY, USA;Defender;;Supplemental Slots 25-28;
Andrew Tarbell;6' 3\";190 lbs;10.7.1993 (31);Mandeville, LA, USA;Goalkeeper;;Senior;
Edvard Tagseth;5' 6\";141 lbs;1.23.2001 (24);Frosta, Norway;Midfielder;;;
Andrew Thomas;6' 2\";181 lbs;9.1.1998 (26);Moscow, Russia;Goalkeeper;;Supplemental Slots 21-24;
Mason Toye;6' 3\";181 lbs;10.16.1998 (26);South Orange, NJ, USA;Forward;;Senior;Generation adidas
Cayman Togashi;5' 10\";;8.10.1993 (31);New York City, NY, USA;Forward;;;
Timothy Tillman;6' 0\";163 lbs;1.4.1999 (26);Nürnberg, Germany;Midfielder;Right;Senior;
Riley Thomas;;;3.15.2002 (23);;Defender;;;
Kosi Thompson;5' 10\";174 lbs;1.27.2003 (22);Toronto, ON, Canada;Midfielder;;Supplemental Slots 21-24;Homegrown
Nouhou Tolo;5' 10\";174 lbs;6.23.1997 (27);Douala, Cameroon;Defender;Left;Senior;
Niko Tsakiris;5' 10\";154 lbs;6.19.2005 (19);Saratoga, CA, USA;Midfielder;Left;Supplemental Slots 29-30;Homegrown
Idan Toklomati;5' 10\";;8.9.2004 (20);Netanya, Israel;Forward;;;U22 Initiative, International
Tomas Totland;5' 11\";;9.28.1999 (25);Bergen, Norway;Defender;;;
Wil Trapp;5' 8\";161 lbs;1.15.1993 (32);Columbus, OH, USA;Midfielder;;Senior;
Gavin Turner;5' 7\";141 lbs;1.5.2007 (18);Fairfax, VA, USA;Midfielder;;;
Garrison Tubbs;6' 2\";174 lbs;2.17.2002 (23);Jacksonville, FL, USA;Defender;;;
Osaze Urhoghide;6' 2\";172 lbs;7.4.2000 (24);Nijmegen, Netherlands;Defender;Right;;
Oscar Ustari;6' 1\";181 lbs;7.3.1986 (38);América, Argentina;Goalkeeper;;;
Leo Väisänen;6' 2\";168 lbs;7.23.1997 (27);Helsinki, Finland;Defender;Right;Senior;International
Maxi Urruti;6' 0\";165 lbs;2.22.1991 (34);Rosario, Argentina;Forward;;Senior;
Jeppe Tverskov;6' 1\";183 lbs;3.12.1993 (32);Copenhagen, Denmark;Midfielder;;;
Bjørn Utvik;6' 0\";;2.28.1996 (29);Avaldsnes, Norway;Defender;;;
Bill Poni Tuiloma;5' 10\";174 lbs;3.27.1995 (30);Auckland, New Zealand;Defender;Right;Senior;
Júnior Urso;5' 11\";190 lbs;3.10.1989 (36);Taboão da Serra, Brazil;Midfielder;Right;Senior;International
;;;;;;;;
Ranko Veselinović;6' 2\";170 lbs;3.24.1999 (26);Novi Sad, Serbia;Defender;Right;Senior;International
Omar Valencia;5' 11\";154 lbs;6.8.2004 (20);Panama City, Panama;Defender;Left;;
Oscar Verhoeven;6' 0\";;5.31.2006 (18);Pleasant Hill, CA, USA;Defender;;Signed;Homegrown
Indiana Vassilev;5' 8\";159 lbs;2.16.2001 (24);Savannah, GA, USA;Midfielder;Left;Senior;
Obed Vargas;5' 9\";150 lbs;8.5.2005 (19);Anchorage, AK, USA;Midfielder;;Supplemental Slots 25-28;Homegrown
Brayan Vera;5' 11\";170 lbs;1.15.1999 (26);San Luis, Colombia;Defender;Left;Senior;
Robert Voloder;6' 1\";174 lbs;5.9.2001 (23);Frankfurt am Main, Germany;Defender;Left;Senior;International, U22 Initiative
David Vazquez;5' 9\";;2.22.2006 (19);unknown, USA;Midfielder;;;
Jules-Anthony Vilsaint;6' 3\";;1.6.2003 (22);Montreal, QC, Canada;Forward;;Supplemental Slots 21-24;International
Joel Waterman;6' 2\";172 lbs;1.24.1996 (29);Langley, BC, Canada;Defender;Right;Senior;
Kai Wagner;6' 0\";176 lbs;2.15.1997 (28);Geislingen an der Steige, Germany;Defender;Left;Senior;
Conrad Wallem;6' 1\";;6.9.2000 (24);Tønsberg, Norway;Midfielder;;;
Akil Watts;5' 10\";174 lbs;2.4.2000 (25);Fort Wayne, IN, USA;Midfielder;;Supplemental Slots 25-28;
Taylor Washington;5' 10\";179 lbs;8.16.1993 (31);Manhattan, NY, USA;Defender;;Supplemental Slots 21-24;
Derrick Williams;5' 11\";165 lbs;1.17.1993 (32);Hamburg, Germany;Defender;Left;Senior;
Francis Westfield;;;12.9.2005 (19);unknown, USA;Midfielder;;;
Adrian Wibowo;;;1.17.2006 (19);;Forward;;;
Michael Wentzel;6' 2\";183 lbs;4.10.2002 (22);State College, PA, USA;Defender;;;
Marcelo Weigandt;5' 9\";163 lbs;1.11.2000 (25);Avellaneda, Argentina;Defender;Right;;
Bruno Wilson;6' 4\";176 lbs;12.27.1996 (28);Lisbon, Portugal;Defender;;Senior;International
Henry Wingo;6' 0\";170 lbs;10.4.1995 (29);Seattle, WA, USA;Defender;Right;;
Eryk Williamson;5' 9\";170 lbs;6.11.1997 (27);Alexandria, VA, USA;Midfielder;Right;Senior;Homegrown
Joe Willis;6' 5\";198 lbs;8.10.1988 (36);St. Louis, MO, USA;Goalkeeper;;Senior;
Thomas Williams;6' 3\";170 lbs;8.15.2004 (20);Titusville, FL, USA;Defender;;Supplemental Slots 25-28;Homegrown
Tyler Wolff;5' 9\";154 lbs;2.13.2003 (22);Snellville, GA, USA;Midfielder;;Supplemental Slots 29-30;Homegrown
Owen Wolff;5' 9\";146 lbs;12.30.2004 (20);Snellville, GA, USA;Midfielder;;Supplemental Slots 29-30;Homegrown
Miki Yamane;5' 10\";159 lbs;12.22.1993 (31);Yokohama, Japan;Defender;Right;;
Elijah Wynder;6' 1\";170 lbs;3.10.2003 (22);Oldham County, KY, USA;Midfielder;;;
Darren Yapi;6' 1\";174 lbs;11.19.2004 (20);Denver, CO, USA;Forward;;Supplemental Slots 25-28;Homegrown
Max Anchor;;;7.21.2004 (20);Surry, BC, Canada;Goalkeeper;;Supplemental Slots 29-30;Homegrown
Daouda Amadou;5' 3\";;10.2.2002 (22);Yaoundé, Cameroon;Midfielder;;;
Owen Anderson;;;6.6.2007 (17);Unknown, USA;Midfielder;;;
Conner Antley;6' 1\";172 lbs;3.22.1995 (30);Atlanta, GA, USA;Defender;;;
Markus Anderson;5' 10\";170 lbs;12.11.2003 (21);Brooklyn, NY, USA;Midfielder;;;
Marco Angulo;5' 11\";148 lbs;5.8.2002 (22);unknown, Ecuador;Midfielder;;Senior;International, U22 Initiative
Cristian Arango;5' 10\";154 lbs;3.9.1995 (30);Medellín, Colombia;Forward;Right;Senior;Designated Player, International
Brian Anunga;5' 11\";179 lbs;8.10.1996 (28);Yaoundé, Cameroon;Midfielder;;Senior;
Stephen Annor Gyamfi;6' 0\";141 lbs;5.19.2003 (21);Accra, Ghana;Forward;;;
Sebastian Anderson;5' 8\";154 lbs;8.8.2002 (22);Sacramento, CA, USA;Defender;Right;Supplemental Slots 21-24;Homegrown
Miguel Araujo;5' 11\";165 lbs;10.24.1994 (30);Lima, Peru;Defender;Right;;International
Allan Arigoni;6' 0\";170 lbs;11.4.1998 (26);Zürich, Switzerland;Defender;Right;Senior;International
Yamil Asad;5' 10\";163 lbs;7.27.1994 (30);San Antonio de Padua, Argentina;Midfielder;;Senior;
Paul Arriola;5' 6\";146 lbs;2.5.1995 (30);Chula Vista, CA, USA;Midfielder;;Senior;
Jacob Arroyave;;;11.12.2007 (17);;Midfielder;;;
Stuart Armstrong;6' 0\";165 lbs;3.30.1992 (33);Inverness, Scotland;Midfielder;Right;;
Hassan Ayari;5' 11\";;12.8.2002 (22);New York, NY, USA;Forward;;;
Josh Atencio;6' 1\";174 lbs;1.31.2002 (23);Bellevue, WA, USA;Midfielder;;Senior;Homegrown
Eduard Atuesta;5' 11\";154 lbs;6.18.1997 (27);Velez, Colombia;Midfielder;;Senior;
Álvaro Augusto;;;4.17.2005 (19);Gramado, Brazil;Defender;;;
Michael Baldisimo;5' 6\";165 lbs;4.13.2000 (24);Burnaby, BC, Canada;Midfielder;Right;Supplemental Slots 21-24;Homegrown
Álvaro Barreal;5' 8\";146 lbs;8.17.2000 (24);Buenos Aires, Argentina;Midfielder;Left;Senior;U22 Initiative
;;;;;;;;
Luis Barraza;6' 2\";194 lbs;11.8.1996 (28);Las Cruces, NM, USA;Goalkeeper;;Supplemental Slots 21-24;
Matthew Bell;6' 0\";;8.27.2002 (22);Kingston, Jamaica;Forward;;;
Tanner Beason;6' 1\";176 lbs;3.23.1997 (28);Winston-Salem, NC, USA;Defender;;Senior;
Damien Barker John;5' 8\";146 lbs;12.7.2004 (20);Queens, NY, USA;Midfielder;;;
Jesus Batiz;;;6.14.1999 (25);unknown, Honduras;Forward;;;
Gavin Beavers;6' 4\";183 lbs;4.29.2005 (19);unknown, USA;Goalkeeper;;Supplemental Slots 25-28;Homegrown
Nimfasha Berchimas;5' 8\";;2.22.2008 (17);unknown, USA;Forward;;;Homegrown
Alessandro Biello;6' 1\";;4.7.2006 (18);Montréal, Canada;Midfielder;;;
Aaron Bibout;;;9.3.2004 (20);Yaoundé, Cameroon;Forward;;;
Mikołaj Biegański;6' 3\";;4.5.2002 (23);Częstochowa, Poland;Goalkeeper;;Supplemental Slots 31;
Steven Birnbaum;6' 1\";176 lbs;1.23.1991 (34);Newport, CA, USA;Defender;Right;Senior;
Emmanuel Boateng;5' 6\";150 lbs;1.17.1994 (31);Accra, Ghana;Midfielder;;Senior;
Barzee Blama;6' 1\";;3.29.2005 (20);Snellville, GA, USA;Forward;;;
Mateusz Bogusz;5' 9\";152 lbs;8.22.2001 (23);Ruda Śląska, Poland;Midfielder;;Senior;International
Njabulo Blom;5' 8\";146 lbs;12.11.1999 (25);Dobsonville, South Africa;Midfielder;Right;Senior;International
Israel Boatwright;5' 11\";;6.2.2005 (19);unknown, USA;Defender;;;Homegrown
Edward Berumen;;;;;Defender;;;
Alejandro Bran;5' 9\";165 lbs;3.5.2001 (24);San José, Costa Rica;Midfielder;;Senior;International
Luca Bombino;;;7.10.2006 (18);;Defender;;;
Blake Bowen;5' 8\";150 lbs;11.4.2000 (24);San Clemente, CA, USA;Defender;;;
Dean Boltz;6' 2\";;6.7.2006 (18);Palatine, IL, USA;Forward;;;
Snyder Brunell;5' 6\";135 lbs;3.23.2007 (18);Plano, TX, USA;Midfielder;;;
Gastón Brugman;5' 9\";150 lbs;9.7.1992 (32);Rosario, Uruguay;Midfielder;Right;Senior;
Ethan Bristow;6' 2\";174 lbs;11.27.2001 (23);Maidenhead, England;Defender;;Senior;International
Tyler Boyd;5' 11\";165 lbs;12.30.1994 (30);Tauranga, New Zealand;Forward;Right;Senior;
Andrew Brody;5' 10\";154 lbs;5.3.1995 (29);Orlando, FL, USA;Defender;;Supplemental Slots 21-24;Homegrown
José Bonilla;5' 8\";;9.20.2001 (23);Dallas, TX, USA;Defender;;;
Heine Bruseth;5' 10\";;4.6.2004 (20);Gjemnes, Norway;Midfielder;;;
;;;;;;;;
Rudy Camacho;6' 1\";174 lbs;3.5.1991 (34);L'Arbresle, France;Defender;Right;Senior;International
Micah Burton;5' 8\";;3.26.2006 (19);unknown, USA;Midfielder;;Supplemental Slots 25-28;Homegrown
Déiber Caicedo;5' 6\";146 lbs;3.25.2000 (25);Barbacoas, Colombia;Forward;;Senior;International, U22 Initiative
Leo Burney;6' 3\";194 lbs;11.2.2001 (23);Seattle, WA, USA;Defender;;;
Kevin Carmichael;6' 2\";174 lbs;6.10.2002 (22);Thousand Oaks, CA, USA;Defender;;;
Brandon Cambridge;6' 0\";174 lbs;2.9.2002 (23);New York City, NY, USA;Midfielder;;Supplemental Slots 29-30;Homegrown
Noel Caliskan;5' 11\";146 lbs;8.29.2000 (24);Cologne, Germany;Midfielder;;Supplemental Slots 25-28;International
Ryan Carmichael;;;8.3.2001 (23);Madden, Northern Ireland;Forward;;;
Léo Chú;5' 10\";152 lbs;4.6.2000 (24);Porto Alegre, Brazil;Midfielder;Left;Senior;U22 Initiative
Coco Carrasquilla;5' 7\";141 lbs;11.28.1998 (26);Panama City, Panama;Midfielder;Right;Senior;International
Wilder Cartagena;5' 11\";170 lbs;9.23.1994 (30);Lima, Peru;Midfielder;Right;Senior;International
Fernando Ciceron;;;12.26.2003 (21);;Defender;;;
Ozzie Cisneros;5' 5\";130 lbs;3.13.2004 (21);Omaha, NE, USA;Midfielder;;Supplemental Slots 29-30;Homegrown
Javier Casas;5' 4\";143 lbs;5.14.2003 (21);Addison, IL, USA;Midfielder;Right;Supplemental Slots 25-28;Homegrown
Daniel Chacón;6' 0\";152 lbs;4.11.2001 (23);Turrialba, unknown;Defender;;;
Pep Casas;5' 10\";137 lbs;6.20.2000 (24);Barcelona, Spain;Midfielder;;;
Robert Castellanos;6' 2\";192 lbs;5.11.1998 (26);Palmdale, CA, USA;Defender;;Senior;
Tomás Chancalay;5' 10\";168 lbs;1.1.1999 (26);Viale, Argentina;Midfielder;Right;Senior;International, Designated Player
Tyler Clegg;6' 3\";;5.1.2000 (24);unknown, USA;Defender;;;
Matt Crooks;6' 3\";;1.20.1994 (31);Leeds, England;Midfielder;;;
Mauricio Cuevas;5' 7\";119 lbs;2.10.2003 (22);Los Angeles, CA, USA;Defender;;Supplemental Slots 21-24;Homegrown
Sebastian Cruz;5' 7\";150 lbs;7.31.2000 (24);unknown, USA;Forward;;;
Matías Cóccaro;5' 10\";;11.15.1997 (27);Pirarajá, Uruguay;Forward;;;
Mohamed Cisset;6' 2\";;8.25.2004 (20);Montreal, Canada;Defender;;;
Chance Cowell;5' 7\";;7.5.2008 (16);Ceres, CA, USA;Forward;;Signed;Homegrown
Amir Daley;5' 9\";154 lbs;2.26.2002 (23);Elmont, NY, USA;Defender;;;
Rafael Czichos;6' 2\";190 lbs;5.14.1990 (34);Djidda, Saudi Arabia;Defender;Left;Senior;International
;5' 10\";168 lbs;6.9.1998 (26);Rio de Janeiro, Brazil, Brazil;Midfielder;Right;Senior;International, Designated Player
Sean Akira Davis;6' 0\";165 lbs;2.8.1993 (32);Long Beach, NJ, USA;Midfielder;Right;Senior;Homegrown
Nick Dang;6' 2\";181 lbs;;Brentwood, TN, USA;Defender;;;
Sean Akira Davis;6' 0\";165 lbs;2.8.1993 (32);Long Beach, NJ, USA;Midfielder;Right;Senior;Homegrown
Fernando Delgado;6' 1\";174 lbs;7.25.2006 (18);Phoenix, USA;Goalkeeper;;;
;;;;;;;;
Gio De Libera;;;10.13.2006 (18);;Midfielder;;;
Marcos Dias;;;11.30.2001 (23);Formoso do Araguaia, Brazil;Forward;;;
Adisa De Rosario;;;10.27.2004 (20);San Jose, CA, USA;Goalkeeper;;;
Edward Davis;6' 0\";150 lbs;6.17.2006 (18);Los Angeles, CA, USA;Forward;;;
Lorenzo Dellavalle;6' 2\";;4.4.2004 (21);Carmagnola, Italy;Defender;Right;;
CJ dos Santos;6' 3\";168 lbs;8.24.2000 (24);Philadelphia, PA, USA;Goalkeeper;;Supplemental Slots 21-24;
Bryan Dowd;6' 3\";174 lbs;3.8.2002 (23);Oak Park, IL, USA;Goalkeeper;;Supplemental Slots 29-30;
Micael dos Santos Silva;6' 3\";181 lbs;8.12.2000 (24);Presidente Prudente, Brazil;Defender;;Senior;International
Jeremy Ebobisse;6' 0\";181 lbs;2.14.1997 (28);París, France;Forward;;Senior;
Sebastián Driussi;5' 10\";176 lbs;2.9.1996 (29);Buenos Aires, Argentina;Midfielder;Both;Senior;Designated Player, Designated Player
Nathaniel Edwards;;;10.18.2002 (22);;Forward;;;
Bryan Dowd;6' 3\";174 lbs;3.8.2002 (23);Oak Park, IL, USA;Goalkeeper;;Supplemental Slots 29-30;
Erik Dueñas;5' 4\";130 lbs;10.18.2004 (20);Los Angeles, CA, USA;Midfielder;;Supplemental Slots 21-24;Homegrown
Andrei Dumitru;6' 1\";179 lbs;10.28.2006 (18);Toronto, ON, Canada;Midfielder;;;
Kyle Duncan;5' 10\";150 lbs;8.8.1997 (27);New York, NY, USA;Defender;;Senior;
Maximus Ekk;5' 10\";181 lbs;8.28.2005 (19);Hanford, CA, USA;Forward;;;
Herbert Endeley;5' 10\";152 lbs;10.9.2001 (23);Blaine, MN, USA;Forward;;Supplemental Slots 25-28;
Bento Estrela;6' 1\";157 lbs;2.10.2006 (19);unknown, USA;Midfielder;;Supplemental Slots 31;Homegrown
Matthew Evans;;;5.25.2006 (18);Simi Valley, CA, USA;Midfielder;;;
Justin Ellis;;;5.14.2007 (17);Wellington, FL, USA;Forward;;;
Facundo Farías;5' 8\";152 lbs;8.28.2002 (22);Santa Fe, Argentina;Midfielder;;Senior;International, U22 Initiative
Lawrence Ennali;5' 8\";;3.7.2002 (23);Berlin, Germany;Forward;;;
Wilson Eisner;6' 0\";165 lbs;5.3.2002 (22);Menlo Park, CA, USA;Defender;;;
Piero Elias;;;9.8.2002 (22);New York City, NY, USA;Midfielder;;;
Zackery Farnsworth;6' 1\";165 lbs;7.13.2002 (22);unknown, USA;Defender;;;Homegrown
Jesús Ferreira;5' 8\";150 lbs;12.24.2000 (24);Santa Marta, Colombia;Forward;Right;Senior;
;;;;;;;;
Duran Ferree;6' 1\";165 lbs;9.28.2006 (18);San Diego, CA, USA;Goalkeeper;;;
Nick Fernandez;5' 11\";150 lbs;12.22.2001 (23);Downers Grove, IL, USA;Midfielder;;;
Nick Firmino;5' 11\";174 lbs;1.30.2001 (24);Mantena, Brazil;Midfielder;Right;Supplemental Slots 25-28;Homegrown
Isaiah Foster;6' 0\";172 lbs;8.12.2003 (21);;Defender;;Supplemental Slots 21-24;
Sebastián Ferreira;5' 11\";154 lbs;2.13.1998 (27);Asunción, Paraguay;Forward;;Senior;International, Designated Player
Andreu Fontàs;6' 2\";201 lbs;11.14.1989 (35);Banyoles, Spain;Defender;Left;Senior;
JahLane Forbes;6' 0\";154 lbs;2.5.2002 (23);Brooklyn, NY, USA;Defender;;;
Nathan Fogaça;5' 10\";161 lbs;6.9.1999 (25);unknown, Brazil;Forward;;Supplemental Slots 25-28;International
Nicolás Freire;6' 1\";176 lbs;2.18.1994 (31);;Defender;;;International
Gastón Giménez;6' 2\";181 lbs;7.27.1991 (33);Formosa, Argentina;Midfielder;Left;Senior;Designated Player
Emiro Garcés;6' 1\";174 lbs;10.11.2001 (23);López de Micay, Colombia;Defender;;;
Diego García;5' 9\";141 lbs;10.17.2006 (18);Denver, CO, USA;Midfielder;;;
Nicholas Gioacchini;6' 0\";;7.25.2000 (24);Kansas City, MO, USA;Forward;Right;Senior;
Malcolm Fry;5' 9\";157 lbs;5.15.2005 (19);unknown, USA;Forward;;;Homegrown
Chase Gasper;6' 0\";183 lbs;1.25.1996 (29);Alexandria, VA, USA;Defender;;Senior;
Matias Gallardo;5' 9\";157 lbs;11.23.2003 (21);;Midfielder;;;
Real Gill;5' 7\";161 lbs;1.23.2003 (22);Port of Spain, Trinidad and Tobago;Midfielder;Right;;
Emil Gazdov;6' 3\";209 lbs;9.11.2003 (21);North Vancouver, BC, Canada;Goalkeeper;;;
Diego Gómez;6' 0\";161 lbs;3.27.2003 (22);San Juan Bautista, Paraguay;Midfielder;Right;Senior;International, U22 Initiative
Aníbal Godoy;5' 11\";165 lbs;2.10.1990 (35);Panama City, Panama;Midfielder;Left;Senior;
Tomás Gómez;6' 2\";194 lbs;5.20.1993 (31);Montemorelos, Mexico;Goalkeeper;;Senior;
Jake Girdwood-Reich;6' 1\";;5.26.2004 (20);Sydney, Australia;Midfielder;;;
Eliot Goldthorp;;;11.3.2001 (23);;Midfielder;;;
Maouloune Goumballe;;;6.21.2001 (23);Cincinnati, OH, USA;Forward;;;
Caden Glover;;;3.8.2007 (18);Columbia, IL, USA;Forward;;;Homegrown
Gaston Gonzalez;6';179 lbs;6.27.2001 (23);Santa Fe, Argentina, Argentina;Forward;;Senior;
Mario González;6' 0\";168 lbs;2.25.1996 (29);Vallarcayo, Spain;Forward;Left;Senior;International
Carlos Gruezo;5' 8\";148 lbs;4.19.1995 (29);Santo Domingo, Ecuador;Midfielder;Right;Senior;Designated Player
JD Gunn;;;1.21.2000 (25);Albrook, Panama;Goalkeeper;;;
Michael Halliday;6' 1\";157 lbs;1.22.2003 (22);Orlando, FL, USA;Defender;;Senior;Homegrown
Oscar Herrera;5' 11\";;3.28.2002 (23);Madison, WI, USA;Goalkeeper;;;
;;;;;;;;
Jay Herdman;5' 7\";139 lbs;8.14.2004 (20);unknown, New Zealand;;;;
Aiden Hezarkhani;5' 10\";;6.28.2007 (17);Irvine, CA, USA;Forward;;;
Nicholas Hagen;6' 4\";176 lbs;8.2.1996 (28);Nueva Guatemala de la Asunción, Guatemala;Goalkeeper;Right;;
Nicholas Holliday;6' 1\";170 lbs;1.17.2006 (19);Chapel Hill, NC, USA;Goalkeeper;;;
Juan Hernández;5' 9\";161 lbs;4.20.1999 (25);Pereira, Colombia;Forward;Right;Senior;Designated Player, International
Tyler Hall;5' 10\";;2.5.2006 (19);Miramar, FL, USA;Defender;;;Homegrown
Jackson Hopkins;6' 2\";163 lbs;7.1.2004 (20);Fredericksburg, VA, USA;Midfielder;;Supplemental Slots 29-30;Homegrown
Alec Hughes;;;1.22.2002 (23);Glastonbury, CT, USA;Forward;;;
Geovane Jesus;5' 11\";;7.31.2001 (23);Santana Do Riacho, Brazil;Defender;;;International
Rio Nathaniel Hope-Gund;6' 0\";179 lbs;8.20.1999 (25);New York City, USA;Defender;;Supplemental Slots 25-28;
Tega Ikoba;6' 3\";198 lbs;8.14.2003 (21);Bettendorf, IA, USA;Forward;;Supplemental Slots 25-28;Homegrown
Jacob Jackson;5' 11\";190 lbs;4.25.2000 (24);San Diego, CA, USA;Goalkeeper;;Signed;
Cole Jensen;6' 4\";170 lbs;1.22.2001 (24);unknown, USA;Goalkeeper;Right;Supplemental Slots 25-28;
Emil Jääskeläinen;6' 3\";;3.16.2001 (24);Bolton, England;Forward;;;
Cole Johnson;;;4.8.2002 (22);;Goalkeeper;;;
Daron Iskenderian;5' 10\";154 lbs;3.19.2002 (23);;Midfielder;;;
Andrew Johnson;6' 2\";170 lbs;2.3.2004 (21);Philadelphia, PA, USA;Defender;;;
Malachi Jones;5' 10\";;9.23.2003 (21);Freetown, Sierra Leone;Forward;;;
Isaiah Jones;5' 9\";163 lbs;4.8.2006 (18);Freetown, Sierra Leone;Midfielder;;Supplemental Slots 25-28;
Dejan Joveljic;6';165 lbs;8.7.1999 (25);Bijeljina, Bosnia and Herzegovina;Forward;Right;Senior;International, U22 Initiative
Anderson Julio;5' 11\";154 lbs;5.31.1996 (28);Pimampiro, Ecuador;Forward;Right;Senior;International
MyKhi Joyner;;;8.30.2006 (18);Bloomington, IL, USA;Midfielder;;;Homegrown
Nate Jones;6' 3\";;8.23.2001 (23);Gig Harbor, WA, USA;Defender;;;
Cyprian Kachwele;6' 3\";152 lbs;2.15.2005 (20);Shinyanga, Tanzania;Forward;Right;;
Sawyer Jura;;;3.9.2006 (19);unknown, USA;Defender;;;
Sam Junqua;6' 0\";170 lbs;11.9.1996 (28);Saratoga, CA, USA;Defender;;Senior;
Brent Kallman;6' 2\";190 lbs;10.4.1990 (34);Omaha, USA;Defender;;Senior;
;;;;;;;;
Hakim Karamoko;6' 0\";;11.1.2005 (19);New York, USA;Forward;;;
Molik Jesse Jesse Khan;6' 0\";168 lbs;4.8.2004 (20);unknown, Trinidad and Tobago;Midfielder;Right;;
Benji Kikanović;6' 0\";165 lbs;1.6.2000 (25);San Jose, CA, USA;Forward;;Senior;
Hosei Kijima;5' 10\";;7.1.2002 (22);Yokohama, Japan;Midfielder;;;
Kevin Kelsy;6' 4\";187 lbs;7.27.2004 (20);Valencia, Venezuela;Forward;;;
Kipp Keller;6' 2\";181 lbs;7.14.2000 (24);St. Louis, MO, USA;Defender;;Supplemental Slots 21-24;
John David Klein III;5' 7\";139 lbs;11.17.1999 (25);Columbia, MO, USA;Midfielder;;;
Max Kerkvliet;6' 5\";205 lbs;10.1.2005 (19);Houston, TX, USA;Goalkeeper;;;
Mateusz Klich;6' 0\";185 lbs;6.13.1990 (34);Tarnow, Poland;Midfielder;Right;Senior;International
Jeorgio Kocevski;6' 1\";174 lbs;8.2.2002 (22);Liverpool, NY, USA;Midfielder;;Supplemental Slots 21-24;
Matúš Kmeť;5' 8\";132 lbs;6.27.2000 (24);Ružomberok, Slovakia;Defender;;Senior;International
Georgios Koutsias;5' 11\";163 lbs;2.8.2004 (21);Thessaloniki, Greece;Forward;Right;Senior;International, U22 Initiative
Christian Koffi;5' 8\";152 lbs;8.28.2000 (24);Paris, France;Midfielder;;;
Sergii Kryvtsov;6' 0\";161 lbs;3.15.1991 (34);unknown, Ukraine;Defender;Right;Senior;
Christian Koffi;5' 8\";152 lbs;8.28.2000 (24);Paris, France;Midfielder;;;
Jack Kortkamp;6' 3\";;1.28.2008 (17);Oakville, ON, Canada;Goalkeeper;;;Homegrown
Ted Ku-Dipietro;5' 9\";161 lbs;1.28.2002 (23);Oakton, VA, USA;Midfielder;;Supplemental Slots 25-28;Homegrown
Jordan Knight;6' 3\";;6.13.2002 (22);Mississauga, Ontario, Canada;Forward;;;
Ted Ku-Dipietro;5' 9\";161 lbs;1.28.2002 (23);Oakton, VA, USA;Midfielder;;Supplemental Slots 25-28;Homegrown
;;;;;;;;
Ariel Lassiter;5' 10\";154 lbs;9.27.1994 (30);Turrialba, Costa Rica;Midfielder;Both;Senior;
Erik Lauta;6' 3\";174 lbs;7.26.2003 (21);Aptos, CA, USA;Goalkeeper;;;
Randall Leal;5' 7\";163 lbs;1.14.1997 (28);San José, Costa Rica;Midfielder;Right;Senior;International
Kevon Lambert;6' 3\";181 lbs;3.22.1997 (28);Clarendon Parish, Jamaica;Midfielder;Both;Senior;International
Nicolás Lodeiro;5' 9\";157 lbs;3.21.1989 (36);Paysandú, Uruguay;Midfielder;;Senior;
Damian Las;6' 0\";161 lbs;4.11.2002 (22);Des Plaines, IL, USA;Goalkeeper;;Supplemental Slots 25-28;Homegrown
Jonathan Lewis;5' 7\";150 lbs;6.4.1997 (27);Plantation, FL, USA;Forward;;Senior;
Finn Linder;6' 0\";170 lbs;5.6.2004 (20);Calgary, AB, Canada;Defender;;;
Jack Lynn;6' 1\";174 lbs;1.12.2000 (25);Saint Louis, MI, USA;Forward;;Supplemental Slots 25-28;
Zac MacMath;6' 2\";176 lbs;8.7.1991 (33);St. Petersburg, FL, USA;Goalkeeper;;Senior;
Elias Manoel;5' 9\";165 lbs;11.30.2001 (23);Itapevi, Brazil;Forward;;Senior;International
Cassius Mailula;5' 8\";;6.12.2001 (23);Limpopo, South Africa;Forward;;;
Elias Manoel;5' 9\";165 lbs;11.30.2001 (23);Itapevi, Brazil;Forward;;Senior;International
Riley Lynch;;;1.2.2003 (22);Chandler, AZ, USA;Forward;;;
JT Marcinkowski;6' 1\";185 lbs;5.9.1997 (27);Alamo, CA, USA;Goalkeeper;;Senior;Homegrown
Lukas MacNaughton;6' 1\";190 lbs;3.8.1995 (30);Brussels, NY, Belgium;Defender;Right;Senior;
Favian Loyola;;;5.18.2005 (19);Camp Lejeune, North Carolina, USA;Midfielder;;Supplemental Slots 29-30;Homegrown
Talles Magno;6' 1\";154 lbs;6.26.2002 (22);Rio de Janeiro, Brazil;Forward;;Senior;Young Designated Player
Hugo Mbongue;5' 11\";187 lbs;7.27.2004 (20);Toronto, ON, Canada;Forward;;Supplemental Slots 25-28;Homegrown
Dax McCarty;5' 9\";150 lbs;4.30.1987 (37);Winter Park, FL, USA;Midfielder;Right;Senior;
Omar Marquez;;;2.21.2008 (17);Sacramento, CA, USA;Midfielder;;;
Ben Martino;6' 6\";194 lbs;9.13.2002 (22);unknown, USA;Goalkeeper;;Supplemental Slots 21-24;Homegrown
Aiden McFadden;5' 9\";165 lbs;9.28.1998 (26);West Chester, PA, USA;Defender;;Supplemental Slots 25-28;
Salvatore Mazzaferro;;;10.11.2001 (23);unknown, Canada;Defender;;;
Philip Mayaka;5' 7\";135 lbs;11.30.2000 (24);Nairobi, Kenya;Midfielder;;Supplemental Slots 21-24;Generation adidas
Felipe Martins;5' 9\";154 lbs;9.30.1990 (34);Engenheiro Beltrao, Brazil;Midfielder;Right;Senior;
Alexandru Matan;5' 6\";135 lbs;8.29.1999 (25);Galati, Romania;Midfielder;Right;Senior;International, U22 Initiative
George Marks;6' 1\";165 lbs;11.10.1999 (25);Raleigh, NC, USA;Goalkeeper;;Signed;
Jack McGlynn;6' 0\";161 lbs;7.7.2003 (21);Middle Village, New York, USA;Midfielder;Left;Supplemental Slots 29-30;Homegrown
Cruz Medina;5' 9\";;9.24.2006 (18);San Francisco, CA, USA;Midfielder;;Signed;Homegrown
;;;;;;;;
Damario McIntosh;5' 10\";181 lbs;8.17.2007 (17);Westmoreland, Jamaica;Defender;;;Homegrown
Finn McRobb;6' 3\";181 lbs;1.30.2002 (23);Glasgow, Scotland;Defender;;;
Gio Miglietti;6';183 lbs;9.5.1999 (25);Hawthorne, CA, USA;Forward;;;
Brendan McSorley;;;2.1.2002 (23);;Forward;;;
Ryan Meara;6' 4\";185 lbs;11.15.1990 (34);Crestwood, NY, USA;Goalkeeper;;Senior;
Christian McFarlane;6';139 lbs;1.25.2007 (18);Basildon, England;Defender;;Signed;Homegrown
Tim Melia;6' 1\";209 lbs;5.15.1986 (38);Great River, NY, USA;Goalkeeper;Right;Senior;
Juan Mina;5' 11\";172 lbs;7.27.2004 (20);Santiago de Cali, Colombia;Defender;Right;Senior;International
Shaq Moore;5' 11\";163 lbs;11.2.1996 (28);Powder Springs, GA, USA;Defender;Right;Senior;
Luca Moisa;5' 7\";;4.20.2008 (16);Las Vegas, NV, USA;Midfielder;;;
Jovan Mijatović;5' 10\";;7.11.2005 (19);Beograd, Serbia and Montenegro;Forward;;;
Malachi Molina;6' 0\";135 lbs;10.11.2006 (18);Miami, FL, USA;Defender;;;
Roald Mitchell;6' 1\";161 lbs;1.13.2003 (22);Montclair, NJ, USA;Forward;;Supplemental Slots 25-28;Homegrown
Francesco Montali;6' 3\";185 lbs;9.6.2000 (24);Miami, FL, USA;Goalkeeper;;;
Ricardo Montenegro;;;9.23.2004 (20);;Midfielder;;;
Francesco Montali;6' 3\";185 lbs;9.6.2000 (24);Miami, FL, USA;Goalkeeper;;;
Alfredo Morales;6' 0\";170 lbs;5.12.1990 (34);Berlin, Germany;Midfielder;Right;Senior;
Chris Mueller;5' 9\";163 lbs;8.29.1996 (28);Schaumburg, IL, USA;Forward;Right;Senior;
Jalen Neal;6' 3\";170 lbs;8.24.2003 (21);Lakewood, CA, USA;Defender;Right;Supplemental Slots 29-30;
Thomas Musto;;;11.10.2003 (21);Makawao, HI, USA;Midfielder;;;
Jalen Neal;6' 3\";170 lbs;8.24.2003 (21);Lakewood, CA, USA;Defender;Right;Supplemental Slots 29-30;
Thomas Musto;;;11.10.2003 (21);Makawao, HI, USA;Midfielder;;;
Max Murray;6' 5\";194 lbs;4.8.2002 (22);Kennebunkport, ME, USA;Defender;;;
Jesús David Murillo;6' 0\";159 lbs;2.18.1994 (31);Cali, Colombia;Defender;Right;Senior;
Luis Müller;;;2.12.2001 (24);Cottbus, Germany;Forward;;;
Federico Navarro;5' 8\";154 lbs;3.9.2000 (25);Santa Fe, Argentina;Midfielder;Right;Senior;International, U22 Initiative
Marcelo Morales;5' 10\";165 lbs;6.6.2003 (21);San Miguel, Chile;Defender;;;
;;;;;;;;
Jack Neeley;6' 1\";170 lbs;3.11.2005 (20);Loxahatchee, FL, USA;Defender;;Supplemental Slots 29-30;Homegrown
Franco Negri;5' 9\";148 lbs;2.20.1995 (30);San Martín, Mendoza, Argentina;Defender;Left;Senior;
Lewis O'Brien;5' 8\";163 lbs;10.14.1998 (26);Colchester, England;Midfielder;;Senior;
Jake Nerwinski;6' 0\";174 lbs;10.17.1994 (30);Lawrenceville, NJ, USA;Defender;Right;Senior;
Liam O'Gara;6' 3\";194 lbs;10.27.2004 (20);Winston-Salem, NC, USA;Midfielder;;;
Rory O'Driscoll;;;2.16.2000 (25);;Midfielder;;;
Curtis Ofori;5' 10\";161 lbs;11.20.2005 (19);Hopewell Junction, NY, USA;Defender;;Supplemental Slots 31;Homegrown
Cristian Olivera;5' 9\";170 lbs;4.17.2002 (22);Montevideo, Uruguay;Midfielder;Right;Senior;International, U22 Initiative
Wyatt Omsberg;6' 4\";181 lbs;9.21.1995 (29);Scarborough,ME, USA;Defender;;Senior;
Elliot Joseph Panicco;6' 5\";205 lbs;11.18.1996 (28);Paducah, KY, USA;Goalkeeper;;Supplemental Slots 21-24;
Allan Oyirwoth;6' 1\";168 lbs;1.23.2007 (18);Amor, Uganda;Midfielder;;;
Woobens Pacius;6' 1\";176 lbs;5.11.2001 (23);Terrebonne, QC, Canada;Forward;;;
Diego Pepi;5' 9\";157 lbs;12.19.2004 (20);El Paso, TX, USA;Forward;;;
Adam Pearlman;;;4.5.2005 (20);Johannesburg, South Africa;Defender;;;
Tyson Pearce;;;8.12.2007 (17);St. Charles, MO, USA;Midfielder;;;
Quimi Ordoñez;6' 2\";159 lbs;8.5.2003 (21);Cincinnati, OH, USA;Forward;Right;Supplemental Slots 29-30;Homegrown
Donovan Parisian;6' 4\";205 lbs;9.27.2004 (20);Queen Creek, AZ, USA;Goalkeeper;;;
Jonathan Pérez;5' 7\";143 lbs;1.18.2003 (22);Whittier, CA, USA;Midfielder;Left;Supplemental Slots 29-30;Homegrown
Pablo Ortiz;6' 3\";154 lbs;6.8.2000 (24);Santiago de Cali, Colombia;Defender;;;
Luca Petrasso;5' 11\";168 lbs;6.16.2000 (24);North York, ON, Canada;Defender;Left;Supplemental Slots 25-28;Homegrown
Miguel Perez;5' 11\";154 lbs;4.28.2005 (19);St. Louis, MO, USA;Midfielder;;Supplemental Slots 29-30;Homegrown
Kayden Pierre;5' 9\";154 lbs;2.16.2003 (22);Rochester Hills, MI, USA;Defender;;Supplemental Slots 29-30;Homegrown
Malik Pinto;5' 11\";168 lbs;8.9.2002 (22);Durham, NC, USA;Midfielder;;;
Tomas Pondeca;;;10.10.2001 (23);unknown, USA;Forward;;Supplemental Slots 25-28;
David Poreba;6';;12.1.2002 (22);Chicago, IL, USA;Midfielder;;;
Nelson Pierre;6' 1\";181 lbs;3.22.2005 (20);Lebanon, PA, USA;Forward;;Supplemental Slots 31;Homegrown
Paxton Pomykal;5' 8\";163 lbs;12.17.1999 (25);Lewisville, TX, USA;Midfielder;;Senior;
Selmir Pidro;5' 10\";170 lbs;3.3.1998 (27);Bugojno, Bosnia and Herzegovina;Defender;;Senior;International
Fafà Picault;5' 8\";139 lbs;2.23.1991 (34);New York, NY, USA;Midfielder;Right;Senior;
;;;;;;;;
Alan Pulido;5' 10\";181 lbs;3.8.1991 (34);Ciudad Victoria, Mexico;Forward;Right;Senior;Designated Player
Tahir Reid-Brown;;;7.2.2006 (18);unknown, USA;Defender;;Supplemental Slots 25-28;Homegrown
Alonso Ramirez;;;8.20.2001 (23);unknown, Mexico;Midfielder;;;
Nelson Quiñones;5' 9\";;8.20.2002 (22);Tumaco, Colombia;Forward;;Senior;International
João Pedro Reginaldo;6' 0\";161 lbs;3.14.2003 (22);unknown, Brazil;Defender;;;International
Gibran Rayo;5' 8\";150 lbs;10.14.2001 (23);Dallas, TX, USA;Forward;;;
Jayden Reid;;;8.29.2001 (23);Elmont, NY, USA;Defender;;Supplemental Slots 25-28;Homegrown
Riqui Puig;5' 7\";123 lbs;8.13.1999 (25);Matadepera, Spain;Midfielder;Right;Senior;International, Designated Player
Teemu Pukki;5' 11\";179 lbs;3.29.1990 (35);Kotka, Finland;Forward;Right;Senior;Designated Player, International
Andres Reyes;6' 3\";179 lbs;9.8.1999 (25);Puerto Tejada, Colombia;Defender;Right;Senior;International, U22 Initiative
Spencer Richey;6' 1\";194 lbs;5.30.1992 (32);Seattle, WA, USA;Goalkeeper;;Senior;
Daniel Ríos;6' 1\";185 lbs;2.22.1995 (30);Mexico City, Mexico;Forward;;Senior;
Will Richmond;5' 10\";170 lbs;4.6.2000 (24);unknown, USA;Forward;Right;Supplemental Slots 25-28;Homegrown
Christopher Rindov;6' 2\";190 lbs;10.8.2001 (23);Rockville, MD, USA;Defender;;Supplemental Slots 25-28;
Lineker Rodrigues dos Santos;6' 0\";181 lbs;3.12.2002 (23);Rio de Janeiro, Brazil;Midfielder;;;
Wilfredo Rivera;5' 6\";148 lbs;10.14.2003 (21);San Juan, PR, Puerto Rico;Forward;;Signed;Homegrown
Damian Rivera;5' 10\";161 lbs;12.8.2002 (22);Cranston, RI, USA;Midfielder;;Supplemental Slots 29-30;Homegrown
Luis Rivera;5' 8\";161 lbs;12.1.2007 (17);El Paso, TX, USA;Defender;;;Homegrown
Braudilio Rodrigues;;;11.15.1999 (25);unknown, Guinea-Bissau;Forward;;;
Santiago Rodríguez;5' 6\";137 lbs;1.8.2000 (25);Montevideo, Uruguay;Midfielder;Right;Senior;Young Designated Player
Missael Rodriguez;5' 9\";161 lbs;2.9.2003 (22);Chicago, IL, USA;Forward;;Supplemental Slots 29-30;Homegrown
Keith Romanshyn;;;6.19.2005 (19);;Midfielder;;;
Jonathan Rodríguez;5' 10\";172 lbs;7.6.1993 (31);Florida, Uruguay;Forward;Right;;Designated Player
Abraham Romero;6' 2\";185 lbs;2.18.1998 (27);Pasadena, CA, USA;Goalkeeper;Right;Supplemental Slots 25-28;
Baltasar Rodríguez;5' 8\";;7.9.2003 (21);Monte Hermoso, Argentina;Midfielder;;;
Diego Rosales;5' 11\";159 lbs;11.1.2005 (19);South Gate, USA;Defender;;Supplemental Slots 29-30;Homegrown
Johnny Russell;5' 10\";174 lbs;4.8.1990 (34);Glasgow, Scotland;Forward;Both;Senior;
Matías Rojas;5' 11\";;11.3.1995 (29);Asuncion, Paraguay;Midfielder;;Senior;International
Sebastián Rodríguez;5' 6\";150 lbs;9.13.2007 (17);Houston, Texas, USA;Midfielder;;;Homegrown
;;;;;;;;
Ryan Sailor;6' 3\";;11.27.1998 (26);unknown, USA;Defender;;Signed;
Abdi Salim;6' 1\";;4.1.2001 (24);Nairobi, Kenya;Defender;;Ineligible - On Loan;
James Sands;6' 1\";185 lbs;7.6.2000 (24);Rye, NY, USA;Midfielder;Right;Senior;Homegrown
Kieran Sargeant;6' 0\";165 lbs;5.15.2003 (21);Houston, Texas, USA;Defender;;Ineligible - On Loan;Homegrown
Carl Sainte;5' 11\";181 lbs;8.9.2002 (22);unknown, Haiti;Midfielder;Right;Ineligible - On Loan;
Brady Scott;6' 2\";174 lbs;6.30.1999 (25);Petaluma, CA, USA;Goalkeeper;Right;Senior;
Samuel Sarver;5' 10\";187 lbs;3.3.2003 (22);Chesterland, OH, USA;Forward;;;
Alessandro Schöpf;5' 10\";163 lbs;2.7.1994 (31);Umhausen, Austria;Midfielder;Right;Senior;International
Enes Sali;5' 6\";;2.23.2006 (19);Ontario, Canada;Forward;;;
Mason Stajduhar;6' 2\";190 lbs;12.2.1997 (27);Salem, MA, USA;Goalkeeper;Right;Supplemental Slots 29-30;Homegrown
Jaylen Shannon;;;2.10.2000 (25);;Defender;;;
Arnaud Souquet;5' 10\";159 lbs;2.12.1992 (33);Paris, France;Defender;Right;Senior;
Tommy Silva;5' 10\";;2.21.2002 (23);Tucson, AZ, USA;Defender;;;
Amar Sejdić;5' 10\";159 lbs;11.29.1996 (28);Berlin, Germany;Midfielder;;Senior;
Kaedren Spivey;;;5.28.2009 (15);San Jose, CA, USA;Midfielder;;;
Charlie Sharp;6' 5\";;6.23.2001 (23);Brighton, MI, USA;Forward;;;
Joseph Skinner;6' 0\";139 lbs;3.28.2003 (22);Charlotte, NC, USA;Midfielder;;Supplemental Slots 25-28;Generation adidas
Jhon Solís;5' 7\";;2.12.1999 (26);San José Del Guaviare, Colombia;Midfielder;;;
Sergi Solans;6' 2\";179 lbs;2.26.2003 (22);Lleida, Spain;Forward;;;
Aidan Stokes;6' 0\";143 lbs;1.14.2008 (17);unknown, USA;Goalkeeper;;;Homegrown
Karol Swiderski;6' 0\";170 lbs;1.23.1997 (28);Rawicz, Poland;Forward;Left;Senior;International, Designated Player
Keller Storlie;6' 2\";;1.8.2002 (23);Portland, USA;Defender;Right;;
Santiago Suarez;6' 5\";179 lbs;4.23.2005 (19);Rocklin, CA, USA;Defender;;;Homegrown
Hennadii Synchuk;6' 0\";176 lbs;7.10.2006 (18);Manchenky, Ukraine;Midfielder;;;
Hunter Sulte;6' 7\";194 lbs;4.25.2002 (22);unknown, USA;Goalkeeper;;Supplemental Slots 25-28;Homegrown
Charlie Staniland;;;7.19.2004 (20);;Midfielder;;;
Lawson Sunderland;6' 2\";;11.7.2001 (23);unknown, USA;Midfielder;;Supplemental Slots 25-28;
Moises Tablante;5' 10\";146 lbs;7.4.2001 (23);Valencia, Venezuela;Forward;;;
Nkosi Tafari;6' 4\";192 lbs;3.23.1997 (28);Manhattan, NY, USA;Defender;;Supplemental Slots 25-28;
;;;;;;;;
John Tolkin;5' 7\";135 lbs;7.31.2002 (22);Chatham, NJ, USA;Defender;Left;Senior;Homegrown
Adyn Torres;;;11.13.2007 (17);;Midfielder;;Supplemental Slots 25-28;Homegrown
Facundo Torres;5' 10\";157 lbs;4.13.2000 (24);Las Piedras, Uruguay;Forward;Left;Senior;International, Designated Player
Jude Terry;5' 9\";;10.8.2008 (16);Chula Vista, CA, USA;Midfielder;;;
Ervin Torres;;;11.14.2007 (17);;Midfielder;;;
Mikah Thomas;6' 2\";181 lbs;2.21.2005 (20);Ponte Vedra, FL, USA;Defender;;;
Mason Toye;6' 3\";181 lbs;10.16.1998 (26);South Orange, NJ, USA;Forward;;Senior;Generation adidas
Jackson Travis;;;2.23.2004 (21);unknown, USA;Defender;;;
Holden Trent;6' 2\";165 lbs;7.7.1999 (25);Greensboro, North Carolina, USA;Goalkeeper;;Supplemental Slots 25-28;
Cielo Tschantret;;;2.22.2006 (19);Baltmore, MD, USA;Midfielder;;;
Jere Uronen;5' 10\";152 lbs;7.13.1994 (30);Turku, Finland;Defender;Left;Senior;International
Marinos Tzionis;5' 7\";146 lbs;7.16.2001 (23);Analiontas, Cyprus;Forward;Right;Senior;U22 Initiative
Yutaro Tsukada;;;7.28.2001 (23);Tokyo, Japan;Forward;;;
Dante Vanzeir;5' 9\";150 lbs;4.16.1998 (26);Beringen, Belgium;Forward;Right;Senior;Designated Player, International
Xavier Valdez;6' 5\";190 lbs;11.23.2003 (21);Manhattan, NY, USA;Goalkeeper;;Supplemental Slots 29-30;Homegrown
Alenis Vargas;;;12.4.2003 (21);;Forward;;;
Alejandro Urzua;;;4.3.2006 (19);Dallas, TX, USA;Midfielder;;;
Jefferson Valverde;5' 7\";;5.4.1999 (25);;Midfielder;;Ineligible - On Loan;
Robert Turdean;5' 7\";135 lbs;1.14.2010 (15);Niles, IL, USA;Midfielder;;;
Marlon Vargas;5' 5\";139 lbs;1.12.2001 (24);unknown, USA;Midfielder;;;
Alan Velasco;5' 6\";139 lbs;7.27.2002 (22);Quilmes, Argentina;Forward;;Senior;International, Young Designated Player
Indiana Vassilev;5' 8\";159 lbs;2.16.2001 (24);Savannah, GA, USA;Midfielder;Left;Senior;
Carlos Vela;5' 10\";170 lbs;3.1.1989 (36);Cancún, Quintana Roo, Mexico;Forward;Left;Senior;
Moisés Véliz;5' 7\";146 lbs;9.18.2004 (20);Panama City, Panama;Midfielder;;;
Gio Villa;5' 5\";;1.3.2008 (17);Chicago, IL, USA;Defender;;;
Gino Vivi;5' 6\";;12.20.2000 (24);San Jose, Costa Rica;Midfielder;;Supplemental Slots 31;International
Giacomo Vrioni;6' 2\";187 lbs;10.15.1998 (26);San Severino Marche, Italy;Forward;Left;Senior;Designated Player, International
Pau Vidal;;;3.24.2002 (23);unknown, Spain;Forward;;;
Sam Vines;5' 10\";150 lbs;5.31.1999 (25);Colorado Springs, CO, USA;Defender;;Supplemental Slots 21-24;Homegrown, U22 Initiative
Giacomo Vrioni;6' 2\";187 lbs;10.15.1998 (26);San Severino Marche, Italy;Forward;Left;Senior;Designated Player, International
;;;;;;;;
Paul Walters;6' 3\";192 lbs;4.11.2004 (20);;Goalkeeper;;Supplemental Slots 25-28;
Quentin Westberg;6' 1\";168 lbs;4.25.1986 (38);Suresnes, Paris, France;Goalkeeper;;Senior;
Tyler Wolff;5' 9\";154 lbs;2.13.2003 (22);Snellville, GA, USA;Midfielder;;Supplemental Slots 29-30;Homegrown
Eryk Williamson;5' 9\";170 lbs;6.11.1997 (27);Alexandria, VA, USA;Midfielder;Right;Senior;Homegrown
Jacob Williams;;;11.8.1999 (25);;Midfielder;;;
Rémi Walter;5' 9\";159 lbs;4.26.1995 (29);Essey-les-Nancy, France;Midfielder;Left;Senior;
Colin Welsh;6' 2\";;4.12.2003 (21);Overland Park, KS, USA;Goalkeeper;;;
Zidane Yañez;5' 11\";150 lbs;1.26.2008 (17);Union, NJ, USA;Forward;;;
Yaw Yeboah;5' 9\";154 lbs;3.28.1997 (28);Accra, Ghana;Midfielder;Right;Senior;International
Adrían Zendejas;6' 5\";209 lbs;8.30.1995 (29);Chula Vista, CA, USA;Goalkeeper;Right;;
William Yarbrough;6' 2\";161 lbs;3.20.1989 (36);Aguascalientes, Mexico;Goalkeeper;Right;Senior;
Dru Yearwood;5' 8\";150 lbs;2.17.2000 (25);Harlow, England;Midfielder;;Senior;
