name;club;games_played;games_started;mins;goals_against;aerial_duels;areial_duel_perc;clearances;fouls;interception
giles-barnes;HOU;34;34;3028;58;197;43.1;20;52;12
dan-kennedy;CHV;33;33;2957;57;14;92.9;21;2;2
marvell-wynne;COL;28;27;2404;54;61;45.9;99;20;54
nick-labrocca;COL;31;29;2584;53;42;45.2;37;38;44
kofi-sarkodie;HOU;32;32;2872;52;54;53.7;59;43;28
raymon-gaddis;PHI;34;34;3051;51;38;36.8;68;37;73
deshorn-brown;COL;30;26;2288;50;81;35.8;14;31;11
jon-busch;SJ;34;34;3060;50;15;93.3;29;0;1
stefan-frei;SEA;34;34;3060;50;13;84.6;15;0;2
jeff-larentowicz;CHI;33;33;2970;50;89;58.4;107;51;72
luis-robles;RBNY;34;34;3060;50;14;100;42;0;2
osvaldo-alonso;SEA;33;33;2952;49;25;72;56;45;73
clint-irwin;COL;26;25;2336;49;12;91.7;32;0;4
sean-johnson;CHI;33;33;2970;49;13;100;48;0;3
amobi-okugo;PHI;32;31;2797;49;101;56.4;99;39;69
felipe-martins;MTL;31;28;2456;48;41;21.9;17;43;27
diego-valeri;POR;33;32;2763;47;72;36.1;7;24;14
sam-cronin;SJ;31;30;2627;46;45;53.3;71;36;57
david-horst;HOU;31;31;2653;46;180;73.3;206;37;71
will-johnson;POR;29;29;2526;46;45;51.1;53;25;37
justin-morrow;TOR;31;30;2676;46;83;48.2;89;29;77
eric-avila;CHV;29;26;2171;45;24;41.7;37;23;43
joe-bendik;TOR;27;27;2430;45;8;75;30;1;1
diego-chara;POR;31;31;2745;45;28;53.6;59;83;59
zac-macmath;PHI;29;29;2610;45;10;90;45;2;3
dillon-powers;COL;30;27;2328;45;80;38.8;19;25;12
lloyd-sam;RBNY;32;32;2832;45;25;32;13;30;23
marc-burch;COL;22;21;1899;44;27;48.1;36;21;53
tally-hall;HOU;24;24;2150;44;12;91.7;21;2;0
chris-klute;COL;25;24;2132;44;45;44.4;60;20;54
chad-marshall;SEA;31;31;2790;44;171;73.7;206;20;137
jose-mari;COL;20;20;1745;44;82;51.2;38;22;37
darlington-nagbe;POR;32;30;2681;44;49;49;9;13;6
donovan-ricketts;POR;32;32;2861;44;7;100;23;2;3
eric-alexander;RBNY;34;30;2641;43;51;41.2;18;11;39
hassoun-camara;MTL;28;26;2365;43;125;68.8;103;56;92
thierry-henry;RBNY;30;30;2651;43;55;45.5;25;33;18
dax-mccarty;RBNY;31;29;2661;43;54;53.7;23;26;57
lovel-palmer;CHI;30;29;2625;43;81;51.9;115;31;86
andres-romero;MTL;29;25;2185;43;13;15.4;8;37;18
michael-bradley;TOR;25;25;2198;42;16;43.8;21;26;40
steve-clark;CLB;34;34;3060;42;18;100;41;0;4
maurice-edu;PHI;31;31;2789;42;98;49;88;46;69
boniek-garcia;HOU;27;26;2206;42;34;58.8;7;39;18
obafemi-martins;SEA;31;29;2600;42;63;33.3;2;25;4
jamison-olave;RBNY;28;28;2519;42;115;57.4;170;42;98
erick-torres;CHV;29;29;2510;42;189;34.4;37;50;11
corey-ashe;HOU;21;20;1879;41;17;64.7;47;11;35
will-bruin;HOU;27;24;2074;41;86;30.2;16;18;7
jordan-stewart;SJ;30;29;2593;41;62;50;94;36;53
tony-tchani;CLB;33;33;2942;41;91;62.6;71;56;49
quincy-amarikwa;CHI;32;29;2549;40;177;31.6;12;57;7
andrew-farrell;NE;32;32;2840;40;70;58.6;163;18;75
lee-nguyen;NE;32;32;2750;40;13;30.8;6;50;21
vincent-nogueira;PHI;29;28;2498;40;19;26.3;1;14;23
david-ousted;VAN;34;34;3060;40;20;90;31;1;4
bobby-shuttleworth;NE;32;32;2880;40;12;100;25;0;2
donny-toia;CHV;27;24;2240;40;79;55.7;114;28;60
chris-wondolowski;SJ;26;26;2340;40;137;43.8;19;24;7
deandre-yedlin;SEA;25;25;2220;40;29;69;78;45;69
victor-bernardez;SJ;26;25;2231;39;116;71.5;184;29;76
matt-hedges;DAL;32;32;2790;39;136;60.3;228;29;103
lamar-neagle;SEA;32;27;2248;39;123;49.6;21;41;42
seth-sinovic;SKC;31;31;2755;39;93;48.4;92;51;76
a-j-soares;NE;32;32;2806;39;120;50.8;183;44;78
jermaine-taylor;HOU;24;23;2012;39;113;58.4;124;34;88
bradley-wright-phillips;RBNY;32;29;2573;39;181;30.9;12;45;11
teal-bunbury;NE;31;28;2446;38;179;35.8;16;48;20
clint-dempsey;SEA;26;23;2132;38;62;35.5;9;34;7
jose-goncalves;NE;27;27;2381;38;120;67.5;174;33;55
nick-hagglund;TOR;25;23;2088;38;123;70.7;157;22;76
luke-moore;TOR;27;22;1977;38;164;44.5;15;31;5
jonathan-osorio;TOR;27;24;2039;38;21;28.6;28;16;18
shea-salinas;SJ;31;30;2471;38;35;37.1;8;31;25
harry-shipp;CHI;33;26;2346;38;33;33.3;14;10;24
bobby-boswell;DC;34;34;3045;37;133;62.4;234;36;76
ricardo-clark;HOU;25;24;2087;37;67;61.2;33;33;33
jordan-harvey;VAN;33;33;2939;37;104;45.2;88;33;61
michael-parkhurst;CLB;33;32;2806;37;71;49.3;165;11;90
bakary-soumare;CHI;26;25;2275;37;77;68.8;137;33;76
nat-borchers;RSL;32;32;2856;36;141;60.3;197;19;65
benny-feilhaber;SKC;31;30;2607;36;36;41.7;16;44;40
pedro-morales;VAN;33;28;2554;36;39;35.9;6;19;8
kelyn-rowe;NE;27;21;1960;36;76;40.8;10;19;14
mark-bloom;TOR;26;26;2290;35;81;51.9;88;21;61
andrew-driver;HOU;34;22;1897;35;31;29;26;25;21
matteo-ferrari;MTL;25;25;2148;35;103;71.8;132;36;101
matias-laba;VAN;32;31;2738;35;66;48.5;56;61;87
troy-perkins;MTL;21;21;1890;35;10;90;21;0;1
sheanon-williams;PHI;24;23;2088;35;66;56.1;74;24;39
tony-beltran;RSL;29;28;2483;34;59;37.3;78;39;52
fabian-castillo;DAL;27;26;2282;34;35;20;4;30;16
brad-davis;HOU;25;25;2072;34;41;39;21;23;23
dom-dwyer;SKC;33;31;2724;34;171;36.3;32;64;3
bill-hamid;DC;30;30;2700;34;14;100;29;1;3
doneil-henry;TOR;21;19;1802;34;109;54.1;153;37;86
federico-higuain;CLB;29;28;2488;34;14;35.7;3;22;8
perry-kitchen;DC;31;31;2790;34;71;57.8;32;65;49
dillon-serna;COL;27;18;1623;34;32;21.9;9;15;7
chris-tierney;NE;24;21;1930;34;48;43.8;67;11;27
wil-trapp;CLB;28;28;2486;34;47;44.7;38;37;62
collen-warner;TOR;20;19;1617;34;59;47.5;37;40;31
patrice-bernier;MTL;26;20;1802;33;37;59.5;28;32;39
bobby-burling;CHV;22;20;1807;33;95;66.3;142;29;58
jackson-goncalves;TOR;26;21;1842;33;31;12.9;15;36;15
ned-grabavoy;RSL;33;30;2711;33;67;50.8;56;29;33
jason-hernandez;SJ;20;20;1732;33;92;52.2;134;18;52
pa-modou-kah;POR;20;20;1744;33;83;60.2;124;23;49
zach-loyd;DAL;29;28;2414;33;64;53.1;111;20;61
justin-mapp;MTL;23;20;1726;33;46;39.1;12;11;22
jack-mcinerney;MTL;26;21;1804;33;57;35.1;14;15;4
shane-o-neill;COL;21;21;1890;33;36;50;79;25;51
jaime-penedo;LA;29;29;2610;33;11;100;37;0;5
gonzalo-pineda;SEA;28;24;2233;33;42;57.1;16;39;36
je-vaughn-watson;DAL;31;29;2481;33;79;54.4;88;43;63
chris-wingert;RSL;30;30;2537;33;79;57;89;29;45
a-j-delagarza;LA;29;28;2491;32;45;48.9;92;24;48
landon-donovan;LA;31;30;2720;32;51;23.5;7;31;22
tony-lochhead;CHV;20;19;1697;32;65;60;94;37;35
javier-morales;RSL;30;30;2645;32;21;19.1;7;52;11
gilberto;TOR;28;21;1955;32;119;47.1;9;45;8
heath-pearce;MTL;23;20;1822;32;66;43.9;94;12;40
juninho;LA;34;31;2758;32;54;50;44;35;58
matt-watson;CHI;27;22;2034;32;37;32.4;33;26;38
gyasi-zardes;LA;32;26;2392;32;209;40.7;11;13;17
leandro-barrera;CHV;32;24;2071;31;16;0;2;18;11
matt-besler;SKC;24;24;2145;31;99;66.7;164;37;66
cordell-cato;SJ;27;16;1577;31;47;23.4;14;14;29
alex;CHI;28;24;1986;31;61;44.3;19;33;40
diego-fagundez;NE;31;25;2142;31;37;18.9;10;22;8
sean-franklin;DC;29;28;2532;31;75;53.3;65;19;70
michel-garbini-pereira;DAL;25;20;1787;31;43;48.8;36;31;43
jhon-kennedy-hurtado;CHI;19;19;1632;31;62;64.5;117;24;49
robbie-keane;LA;29;28;2549;31;18;11.1;6;23;7
fabinho;PHI;19;19;1636;31;68;51.5;58;30;77
oswaldo-minda;CHV;20;20;1614;31;32;40.6;25;41;30
dominic-oduro;TOR;24;17;1514;31;26;50;9;12;14
jean-baptiste-pierazzi;SJ;24;23;1982;31;33;48.5;42;24;43
victor-ulloa;DAL;28;26;2365;31;86;66.3;46;16;60
andrew-wenger;PHI;28;19;1834;31;84;52.4;12;27;9
tim-cahill;RBNY;23;18;1516;30;107;54.2;23;51;22
igor-juliao;SKC;23;23;1992;30;20;25;33;25;40
sebastien-le-toux;PHI;29;23;2050;30;66;33.3;6;12;15
roy-miller;RBNY;23;22;1943;30;42;64.3;43;26;48
agustin-pelletieri;CHV;27;22;1684;30;30;53.3;18;36;37
eriq-zavaleta;CHV;17;15;1323;30;73;45.2;109;14;33
graham-zusi;SKC;25;24;2151;30;40;42.5;9;24;25
kyle-beckerman;RSL;28;28;2520;29;30;70;57;38;66
michael-harrington;POR;25;21;1749;29;69;46.4;67;22;29
drew-moor;COL;23;23;1994;29;127;65.3;119;16;69
gonzalo-segares;CHI;21;20;1741;29;44;43.2;64;29;50
davy-arnaud;DC;31;30;2626;28;39;79.5;44;47;53
steven-beitashour;VAN;27;27;2371;28;39;71.8;92;23;60
steven-caldwell;TOR;21;21;1774;28;63;69.8;109;15;40
marco-di-vaio;MTL;26;17;1739;28;24;29.2;9;11;4
brad-evans;SEA;26;22;1896;28;110;61.8;45;28;34
leonardo-gonzalez;SEA;23;20;1836;28;21;76.2;66;30;45
stefan-ishizaki;LA;30;22;1898;28;47;40.4;20;21;19
jack-jewsbury;POR;19;16;1428;28;33;54.5;60;17;34
akira-kaji;CHV;15;14;1270;28;26;57.7;36;20;33
luke-mulholland;RSL;31;24;1987;28;49;30.6;23;25;37
andy-o-brien;VAN;26;25;2258;28;106;66;187;25;83
marco-pappa;SEA;29;24;1931;28;23;34.8;5;34;29
blas-perez;DAL;29;24;2062;28;213;54;38;46;10
russell-teibert;VAN;29;22;1971;28;26;30.8;22;29;28
carlos-bocanegra;CHV;18;18;1620;27;78;53.9;145;13;52
aj-cochran;HOU;19;14;1370;27;78;69.2;84;18;34
jermain-defoe;TOR;19;17;1529;27;14;14.3;0;22;3
nick-deleon;DC;32;31;2707;27;61;37.7;32;31;38
ethan-finlay;CLB;29;21;1898;27;33;30.3;8;19;14
waylon-francis;CLB;24;24;2111;27;61;45.9;78;32;47
dan-gargan;LA;29;27;2400;27;60;65;66;37;60
eric-miller;MTL;21;18;1646;27;43;51.2;52;18;41
mauro-rosales;CHV;21;16;1557;27;28;39.3;8;20;25
marcelo-sarvas;LA;28;25;2218;27;32;40.6;28;57;44
chris-schuler;RSL;25;25;2154;27;98;57.1;170;32;64
ibrahim-sekagya;RBNY;25;23;1948;27;80;58.8;96;26;66
daigo-kobayashi;NE;34;23;1867;26;11;36.4;22;21;38
wandrille-lefevre;MTL;15;13;1220;26;51;52.9;67;20;61
joao-plata;RSL;26;24;1985;26;24;16.7;1;14;4
jair-benitez;DAL;26;19;1716;25;11;54.5;27;16;37
aurelien-collin;SKC;26;25;2104;25;181;60.8;166;42;59
omar-cummings;HOU;26;14;1270;25;43;32.6;12;12;9
chris-duvall;RBNY;19;18;1604;25;35;42.9;39;8;40
sebastian-fernandez;VAN;32;24;1968;25;24;37.5;14;22;24
raul-fernandez;DAL;21;20;1818;25;6;100;23;0;2
erik-hurtado;VAN;30;19;1805;25;86;31.4;24;31;4
eddie-johnson;DC;26;22;1957;25;200;48.5;18;34;6
krzysztof-krol;MTL;12;11;961;25;27;51.9;35;24;28
armando;RBNY;19;14;1349;25;60;56.7;89;16;38
cristian-maidana;PHI;26;23;1889;25;28;53.6;4;4;6
calum-mallace;MTL;23;12;1122;25;52;32.7;29;18;34
patrick-mullins;NE;21;14;1198;25;110;45.5;2;26;1
lawrence-olum;SKC;25;21;1853;25;96;62.5;50;18;46
nick-rimando;RSL;24;24;2160;25;10;100;22;1;3
maximiliano-urruti;POR;30;12;1181;25;70;22.9;9;27;4
jorge-villafana;POR;19;17;1577;25;45;60;68;23;31
bernardo-anor;CLB;27;18;1672;24;59;50.9;32;32;36
felix-borja;CHV;12;12;1009;24;69;34.8;2;14;1
brian-carroll;PHI;21;17;1467;24;28;50;26;11;46
omar-gonzalez;LA;22;22;1902;24;118;71.2;161;28;55
gabriel-torres;COL;23;11;1090;24;15;20;4;5;1
jalil-anibaba;SEA;16;14;1283;23;46;50;54;14;44
darrius-barnes;NE;22;16;1628;23;62;46.8;57;29;38
steven-birnbaum;DC;21;21;1890;23;111;72.1;146;10;68
evan-bush;MTL;13;13;1170;23;4;50;13;0;0
gaston-fernandez;POR;32;17;1562;23;17;35.3;1;23;4
shaun-francis;SJ;20;16;1436;23;37;54;55;29;33
giancarlo-gonzalez;CLB;17;17;1530;23;90;52.2;144;15;42
mike-magee;CHI;17;17;1519;23;29;31;7;15;5
bradley-orr;TOR;19;14;1144;23;50;56;70;9;21
thomas-piermayr;COL;14;14;1146;23;26;53.9;47;18;24
conor-casey;PHI;25;18;1434;22;145;46.9;18;37;4
warren-creavalle;HOU;16;10;891;22;20;35;15;18;26
baggio-husidic;LA;34;26;2197;22;57;28.1;21;23;30
eric-kronberg;SKC;20;20;1800;22;10;80;20;3;1
nathan-sturgis;CHV;16;9;885;22;21;52.4;15;10;14
hernan-bernardello;MTL;10;10;844;21;9;33.3;12;20;23
edson-buddle;COL;18;12;1116;21;96;47.9;4;24;3
marky-delgado;CHV;20;12;1120;21;32;34.4;10;24;16
stephen-keel;DAL;16;14;1307;21;49;51;73;13;23
peguy-luyindula;RBNY;26;15;1385;21;35;34.3;3;15;15
darren-mattocks;VAN;30;20;1802;21;135;34.1;12;24;7
justin-meram;CLB;32;19;1683;21;36;41.7;13;27;20
leonardo;LA;24;20;1837;21;95;55.8;118;19;40
luis-silva;DC;27;22;1523;21;42;40.5;5;20;14
tommy-thompson;SJ;13;8;690;21;13;23.1;2;4;4
fanendo-adi;POR;24;18;1512;20;107;38.3;15;27;1
tesho-akindele;DAL;26;18;1748;20;113;40.7;6;18;9
kevin-ellis;SKC;20;16;1538;20;66;56.1;104;22;49
fabian-espindola;DC;27;24;2124;20;118;45.8;4;49;10
atiba-harris;SJ;24;19;1585;20;155;56.8;20;46;18
gershon-koffie;VAN;21;17;1541;20;47;48.9;27;36;18
paulo-nagamura;SKC;21;21;1745;20;39;35.9;21;31;14
nigel-reo-coker;CHV;9;9;770;20;3;33.3;2;12;11
liam-ridgewell;POR;15;15;1350;20;65;70.8;109;16;38
chris-seitz;DAL;14;14;1242;20;10;80;13;0;0
djimi-traore;SEA;15;13;1159;20;41;53.7;66;10;40
greg-cochrane;CHI;12;12;1063;19;27;48.1;36;6;28
hector-jimenez;CLB;24;19;1694;19;42;47.6;23;17;24
jj-koval;SJ;22;9;954;19;66;56.1;26;15;23
;SKC;22;13;1301;19;49;44.9;20;12;27
vicente-sanchez;COL;17;12;1011;19;9;33.3;1;12;5
zach-scott;SEA;18;16;1389;19;104;59.6;98;26;52
jared-watts;COL;17;13;1149;19;65;35.4;35;25;33
scott-caldwell;NE;26;14;1553;18;40;42.5;38;29;37
marvin-chavez;CHV;14;8;703;18;13;38.5;6;17;9
adam-moffat;DAL;20;13;1149;18;31;48.4;27;22;29
tyson-wahl;CLB;18;15;1396;18;36;63.9;85;21;39
carlos-alvarez;CHV;11;7;694;17;25;36;10;16;8
carlos-alvarez;COL;10;6;568;17;12;41.7;3;12;5
brandon-barklage;SJ;13;10;908;17;36;61.1;38;12;37
kenny-cooper;SEA;22;12;989;17;56;37.5;4;18;3
marlon-hairston;COL;22;9;988;17;40;52.5;9;12;15
ty-harden;SJ;17;13;1226;17;49;59.2;59;8;33
patrick-ianni;CHI;12;11;1013;17;41;73.2;65;15;48
johnny-leveron;VAN;16;15;1394;17;60;58.3;88;15;42
ambroise-oyongo;RBNY;13;11;1045;17;22;45.5;20;10;17
alvas-powell;POR;15;11;1052;17;40;57.5;39;21;37
david-texeira;DAL;19;9;839;17;60;31.7;7;21;5
hendry-thomas;DAL;10;9;770;17;32;43.8;16;19;36
josh-williams;CLB;14;13;1123;17;36;55.6;34;14;21
jairo-arrieta;CLB;23;14;1236;16;34;26.5;3;26;3
servando-carrasco;HOU;16;9;784;16;15;53.3;18;9;20
yannick-djalo;SJ;18;13;1136;16;17;29.4;3;11;19
andy-dorman;NE;16;15;1237;16;24;54.2;23;21;30
dilly-duka;MTL;14;12;1023;16;19;21.1;3;18;8
leo-fernandes;PHI;13;7;697;16;21;52.4;5;8;7
cristian-fernandez-salas;DC;15;15;1342;16;49;53.1;50;14;61
luis-gil;RSL;26;16;1386;16;13;7.7;11;12;11
jhon-kennedy-hurtado;CHV;6;5;450;16;27;44.4;35;13;28
chris-korb;DC;19;15;1376;16;21;38.1;37;15;51
kekuta-manneh;VAN;29;13;1198;16;28;46.4;8;13;10
danny-o-rourke;POR;12;10;975;16;31;58.1;71;12;28
maxim-tissot;MTL;20;7;762;16;17;41.2;11;7;9
grant-ward;CHI;23;12;1051;16;13;23.1;6;13;7
ethan-white;PHI;12;12;1042;16;40;45;49;12;32
kyle-bekker;TOR;20;13;1117;15;12;41.7;11;16;26
jay-demerit;VAN;11;11;924;15;68;51.5;76;9;35
andres-escobar;DAL;23;18;1590;15;17;35.3;5;15;12
moises-hernandez;DAL;17;13;1116;15;32;53.1;32;30;30
andrew-jean-baptiste;CHV;10;8;731;15;12;50;55;10;17
benji-joya;CHI;12;9;651;15;14;21.4;2;16;4
patrick-nyarko;CHI;17;9;846;15;36;61.1;10;11;12
norberto-paparatto;POR;13;12;1049;15;76;76.3;93;16;51
nigel-reo-coker;VAN;12;8;697;15;1;100;7;19;8
robbie-rogers;LA;19;15;1372;15;57;52.6;54;24;37
chris-rolfe;DC;21;20;1679;15;50;44;11;12;27
alvaro-saborio;RSL;16;13;1148;15;66;48.5;11;25;2
rodney-wallace;POR;17;12;1058;15;53;43.4;14;25;18
aaron-wheeler;PHI;15;8;759;15;52;59.6;51;21;24
sal-zizzo;SKC;19;13;1097;15;42;45.2;4;8;9
jeff-attinella;RSL;10;10;900;14;4;100;12;0;0
chad-barson;CLB;13;8;766;14;26;65.4;22;10;26
jeb-brovsky;MTL;7;7;596;14;20;70;17;4;11
tyler-deric;HOU;11;10;910;14;3;100;10;2;3
olmes-garcia;RSL;23;12;1191;14;84;38.1;2;27;2
eric-gehrig;CLB;20;14;1178;14;42;42.9;53;15;33
kamani-hill;COL;15;11;866;14;36;41.7;4;17;7
karl-ouimette;MTL;11;9;834;14;39;64.1;38;21;33
ben-speas;CLB;13;8;704;14;5;40;1;1;3
collen-warner;MTL;9;9;677;14;20;55;6;9;12
kalif-alhassan;POR;15;5;590;13;3;33.3;2;6;3
warren-creavalle;TOR;10;7;612;13;13;46.1;6;7;14
charlie-davies;NE;18;13;1143;13;60;26.7;1;17;4
mauro-diaz;DAL;17;9;918;13;11;27.3;2;11;9
richard-eckersley;RBNY;9;8;705;13;9;55.6;15;13;13
taylor-kemp;DC;13;12;1083;13;32;59.4;27;14;33
jeff-parke;DC;13;13;1162;13;51;68.6;63;15;42
dylan-remick;SEA;13;8;692;13;18;72.2;22;4;19
jonny-steele;RBNY;15;6;624;13;13;46.1;3;9;3
steve-zakuani;POR;17;9;739;13;21;42.9;2;4;3
kellyn-acosta;DAL;15;9;843;12;16;31.3;24;13;25
micheal-azira;SEA;14;6;606;12;20;40;10;13;14
chad-barrett;SEA;26;8;867;12;65;52.3;4;19;6
bobby-convey;RBNY;13;9;743;12;11;36.4;8;8;8
clarence-goodson;SJ;10;10;900;12;61;59;76;10;20
andy-gruenebaum;SKC;11;11;945;12;8;87.5;7;0;0
kosuke-kimura;RBNY;13;10;883;12;15;40;18;12;16
steven-lenhart;SJ;11;10;905;12;132;56.1;11;16;4
rauwshan-mckenzie;POR;7;6;496;12;24;54.2;35;8;17
lewis-neal;DC;26;7;899;12;13;30.8;6;8;22
matias-perez-garcia;SJ;6;4;384;12;1;0;2;5;1
cj-sapong;SKC;20;7;811;12;110;49.1;11;21;5
khari-stephenson;SJ;19;11;1080;12;35;40;22;15;18
ben-zemanski;POR;13;7;734;12;19;57.9;15;19;17
walker-zimmerman;DAL;10;9;770;12;35;65.7;48;3;20
adam-bedell;CLB;16;7;632;11;45;48.9;5;12;0
ryan-finley;CHV;16;4;437;11;19;21.1;2;4;0
luis-garrido;HOU;11;11;917;11;20;55;10;23;21
andrew-jacobson;DAL;13;5;542;11;28;64.3;17;6;15
antonio-dovale;SKC;19;14;1033;11;9;33.3;0;15;8
andy-rose;SEA;16;5;552;11;42;54.8;8;3;6
soony-saad;SKC;22;9;906;11;29;44.8;3;14;12
carlos-valdes-x0274;PHI;8;8;706;11;16;56.3;41;10;20
kevin-alston;NE;11;9;683;10;17;41.2;25;10;13
austin-berry;PHI;6;6;497;10;42;64.3;46;6;23
razvan-cocis;CHI;10;8;713;10;25;52;12;10;14
daniel-lovitz;TOR;18;5;631;10;10;50;2;12;14
tommy-meyer;LA;12;10;926;10;49;57.1;73;7;16
issey-nakajima-farran;MTL;13;5;540;10;18;33.3;3;8;3
steve-neumann;NE;23;3;538;10;23;26.1;6;7;5
brian-ownby;HOU;19;0;329;10;19;26.3;4;9;3
logan-pause;CHI;12;6;654;10;9;44.4;19;5;8
claudio-bieler;SKC;13;4;421;9;17;35.3;6;9;2
tony-cascio;HOU;6;4;351;9;18;44.4;3;3;2
jorge-claros;SKC;7;4;419;9;4;50;6;7;10
robbie-findley;RSL;16;8;764;9;69;39.1;3;11;1
cole-grossman;RSL;17;5;532;9;9;22.2;16;6;18
jermaine-jones;NE;10;7;613;9;22;59.1;9;11;15
abdoulie-mansally;RSL;11;6;655;9;8;62.5;17;9;14
thomas-mcnamara;CHV;6;6;467;9;6;33.3;2;6;6
matt-miazga;RBNY;7;6;501;9;12;58.3;29;6;16
carlyle-mitchell;VAN;8;8;720;9;36;58.3;44;7;19
martin-rivero;CHV;7;6;577;9;7;28.6;3;9;5
devon-sandoval;RSL;15;7;633;9;69;31.9;2;16;3
aaron-schoenfeld;CLB;15;7;748;9;54;50;4;19;3
julio-cesar-x8022;TOR;7;7;630;9;0;0;4;0;1
kendall-waston;VAN;10;9;821;9;53;73.6;104;18;45
juan-luis-anangono;CHI;15;4;472;8;52;42.3;9;10;0
adolfo-bautista;CHV;7;1;148;8;10;30;0;7;3
matt-dunn;CHV;7;4;407;8;5;40;8;9;9
alan-gordon;LA;14;5;511;8;62;56.5;11;16;0
chris-ritter;CHI;10;8;636;8;37;62.2;15;17;7
carlos-salcedo;RSL;12;8;800;8;29;55.2;58;10;22
andrew-weber;POR;3;2;198;8;0;0;1;1;0
damarcus-beasley;HOU;10;10;821;7;24;54.2;25;2;20
ruben-bover;RBNY;15;2;243;7;10;40;4;6;4
eric-brunner;HOU;6;3;297;7;13;61.5;18;4;11
alex-caskey;DC;11;2;198;7;8;50;2;4;6
jon-kempin;SKC;4;3;315;7;3;100;5;0;0
michael-lahoud;PHI;8;4;437;7;3;33.3;6;9;7
mikey-lopez;SKC;8;5;482;7;10;50;6;12;8
aaron-maund;RSL;6;5;432;7;29;41.4;49;10;11
nicolas-mezquida;VAN;14;4;418;7;16;25;4;11;5
kenny-miller;VAN;9;7;637;7;20;20;7;10;2
joe-nasco;COL;4;4;271;7;2;100;5;1;2
sanna-nyassi;MTL;4;4;242;7;6;33.3;2;4;7
sanna-nyassi;CHI;10;6;496;7;12;25;1;19;2
dominic-oduro;CLB;11;6;593;7;21;28.6;1;4;0
ignacio-piatti;MTL;6;6;450;7;1;100;1;3;3
pablo-pintos;SJ;6;6;476;7;12;58.3;19;6;7
mauro-rosales;VAN;11;10;809;7;21;28.6;2;12;6
florent-sinama-pongolle;CHI;7;4;391;7;22;22.7;0;3;1
nathan-sturgis;COL;6;4;316;7;16;62.5;11;10;6
john-berner;COL;5;5;450;6;4;75;4;0;0
mamadou-danso;MTL;3;3;231;6;8;37.5;17;2;9
conor-doyle;DC;17;1;301;6;32;31.3;2;11;5
dilly-duka;CHI;6;3;331;6;11;36.4;5;6;1
david-estrada;DC;9;3;301;6;5;40;1;4;9
jeremy-gagnon-lapare;MTL;5;3;270;6;2;100;4;6;9
danny-garcia;DAL;4;4;282;6;11;18.2;0;3;7
antoine-hoppenot;PHI;13;1;205;6;10;60;0;2;1
jared-jeffrey;DC;10;2;329;6;3;66.7;2;12;1
jason-johnson;HOU;8;0;186;6;13;69.2;1;2;1
brad-knighton;NE;2;2;180;6;1;100;2;0;0
peter-luccin;DAL;11;2;245;6;5;40;5;9;7
oriol-rosell;SKC;7;7;594;6;8;25;10;11;14
andrew-wenger;MTL;4;3;286;6;20;30;0;8;0
pedro-ribeiro;PHI;9;3;351;5;40;42.5;2;6;2
todd-dunivant;LA;7;5;370;5;8;62.5;8;0;8
matthew-fondy;CHI;8;0;107;5;14;50;1;3;1
alan-gordon;SJ;15;6;665;5;95;52.6;7;17;4
adam-jahn;SJ;4;2;186;5;20;20;1;0;0
zat-knight;COL;4;3;315;5;9;77.8;10;1;8
alexander-lopez;HOU;10;1;246;5;3;33.3;1;1;2
danny-mwanga;COL;6;2;214;5;6;33.3;0;4;0
kofi-opare;LA;6;5;495;5;39;53.9;50;4;10
samuel;LA;8;4;358;5;18;38.9;2;4;2
mark-sherrod;HOU;9;3;223;5;43;53.5;2;5;2
john-stertzer;RSL;9;3;273;5;7;28.6;1;5;3
kristopher-tyrpak;CHV;9;0;156;5;4;75;0;1;0
brian-brown;PHI;8;1;230;4;16;12.5;1;2;0
fred;PHI;11;3;343;4;6;33.3;1;13;0
dwayne-de-rosario;TOR;19;4;506;4;22;40.9;3;9;1
christian-dean;VAN;4;1;123;4;7;57.1;10;0;4
robert-earnshaw;CHI;5;1;174;4;2;0;4;2;0
charles-eloundou;COL;11;4;417;4;11;27.3;0;9;2
rob-friend;LA;10;4;376;4;98;58.2;6;4;0
jeremy-hall;TOR;3;2;185;4;8;75;2;1;4
rais-mbolhi-x6317;PHI;4;4;360;4;1;100;3;0;1
alex-martinez;SKC;10;3;411;4;9;55.6;0;5;5
luke-moore;CHV;6;2;187;4;22;45.5;0;3;0
chance-myers;SKC;7;7;576;4;10;40;20;3;18
zach-pfeffer;PHI;5;1;98;4;2;50;1;4;1
saer-sene;NE;10;5;395;4;8;50;0;1;2
sebastian-velasquez;RSL;10;1;222;4;3;33.3;2;5;0
kenney-walker;LA;8;4;329;4;3;33.3;1;5;6
mehdi-ballouchy;VAN;9;3;297;3;8;62.5;6;4;6
jerry-bengtson;NE;7;1;238;3;24;33.3;4;9;1
andrew-dykstra;DC;4;4;360;3;0;0;5;0;0
ryan-hollingshead;DAL;11;4;289;3;12;66.7;4;3;8
anthony-jackson-hamel;MTL;4;1;132;3;6;66.7;0;2;0
gorka-larrea;MTL;9;5;428;3;24;50;4;9;8
collin-martin;DC;6;2;198;3;4;25;1;3;2
tim-melia;CHV;2;1;79;3;0;0;0;1;0
issey-nakajima-farran;TOR;5;2;235;3;7;71.4;0;5;4
john-neeskens;COL;5;3;273;3;9;44.4;0;5;2
erik-palmer-brown;SKC;3;2;235;3;9;44.4;20;4;4
victor-pineda;CHI;4;0;40;3;5;20;2;0;1
chris-pontius;DC;6;3;276;3;11;54.5;3;1;2
james-riley;LA;4;3;254;3;6;66.7;7;11;2
brian-rowe;LA;3;3;270;3;0;0;2;0;0
michael-seaton;DC;2;1;60;3;2;50;0;1;0
martin-steuble;SKC;3;1;69;3;2;50;0;3;1
agustin-viana;CLB;4;4;300;3;18;66.7;6;10;5
andrew-wiedeman;TOR;7;0;90;3;5;60;1;2;2
andre-blake;PHI;1;1;90;2;1;100;3;0;0
samuel-inkoom-x9106;DC;2;1;70;2;2;50;3;1;2
sebastian-jaime;RSL;6;3;261;2;27;29.6;4;5;1
steven-kinney;CHI;2;2;135;2;4;50;6;2;0
stephen-mccarthy;NE;1;1;90;2;3;66.7;8;1;1
jack-mcinerney;PHI;4;4;312;2;8;25;2;6;1
fifi-baiden;CLB;1;0;17;2;0;0;1;0;1
ashtone-morgan;TOR;3;2;168;2;6;33.3;4;1;6
daniel-paladini;CLB;4;3;221;2;2;100;1;4;0
frederic-piquionne;POR;3;0;13;2;5;0;1;1;0
kyle-porter;DC;5;0;65;2;4;50;0;2;1
kyle-reynish;CHI;1;1;90;2;0;0;0;0;0
chris-rolfe;CHI;2;1;76;2;1;0;1;0;1
ethen-sampson;VAN;2;2;144;2;5;60;4;4;8
saer-sene;RBNY;5;0;90;2;3;66.7;1;2;0
grant-van-de-casteele;COL;1;0;29;2;2;0;3;0;1
sam-adekugbe;VAN;4;1;193;1;2;100;11;3;1
jordan-allen;RSL;2;0;9;1;0;0;2;0;0
davy-armstrong;COL;2;0;57;1;1;0;0;3;2
rich-balchan;RSL;4;2;233;1;7;14.3;4;5;3
luis-bolanos;CHV;3;0;51;1;0;0;0;0;1
corben-bone;PHI;2;0;13;1;2;100;0;4;0
matthew-fondy;CHV;1;0;19;1;1;100;0;1;1
daniel-fragoso;CHV;2;0;11;1;1;0;0;0;0
mike-fucito;SJ;8;0;95;1;7;42.9;2;5;0
romain-gall;CLB;3;0;43;1;1;0;0;2;1
josh-gardner;SKC;1;1;89;1;3;0;5;4;5
kevan-george;CLB;4;2;204;1;1;0;2;3;7
santiago-gonzalez;MTL;9;0;80;1;5;20;0;3;0
dimitry-imbongo;NE;2;0;32;1;4;25;0;1;0
jimmy-medranda;SKC;5;1;131;1;2;0;0;5;2
raul-mendiola;LA;3;0;57;1;0;0;1;2;0
michael-nanchoff;POR;3;1;85;1;1;100;0;2;1
marius-obekop;RBNY;2;0;41;1;0;0;0;0;1
sean-okoli;SEA;3;0;19;1;1;100;0;0;1
ike-opara;SKC;3;2;152;1;22;50;13;4;7
brian-perk;LA;2;2;180;1;2;100;0;0;0
emanuel-pogatetz;CLB;2;0;52;1;2;50;9;1;1
omar-salgado;VAN;8;2;198;1;17;47.1;1;3;2
billy-schuler;SJ;6;1;137;1;6;66.7;1;0;0
donnie-smith;NE;1;1;45;1;2;50;0;0;1
trevor-spangenberg;CHV;1;0;22;1;0;0;1;0;0
jose-villarreal;LA;5;0;19;1;1;0;0;2;0
nicholas-walker;DAL;1;0;3;1;0;0;0;0;0
aminu-abdallah;VAN;0;0;0;0;0;0;0;0;0
gale-agbossoumonde;COL;0;0;0;0;0;0;0;0;0
gale-agbossoumonde;TOR;0;0;0;0;0;0;0;0;0
andre-akpan;RBNY;5;0;16;0;4;50;0;4;0
andre-akpan;NE;0;0;0;0;0;0;0;0;0
bryce-alderson;VAN;0;0;0;0;0;0;0;0;0
yordany-alvarez;RSL;0;0;0;0;0;0;0;0;0
onyekachi-apam;SEA;0;0;0;0;0;0;0;0;0
manny-aparicio;TOR;0;0;0;0;0;0;0;0;0
anthony-arena;HOU;0;0;0;0;0;0;0;0;0
nana-attakora;DC;0;0;0;0;0;0;0;0;0
orr-barouch;CHI;0;0;0;0;0;0;0;0;0
louis-beland-goyette;MTL;1;0;15;0;1;0;1;0;1
david-bingham;SJ;0;0;0;0;0;0;0;0;0
james-bissue;MTL;0;0;0;0;0;0;0;0;0
carlos-borja;CHV;0;0;0;0;0;0;0;0;0
tristan-bowen;SEA;2;0;60;0;1;100;0;1;4
michael-bustamante;RBNY;0;0;0;0;0;0;0;0;0
marco-bustos;VAN;0;0;0;0;0;0;0;0;0
walter-cabrera;DAL;0;0;0;0;0;0;0;0;0
caleb-calvert;COL;0;0;0;0;0;0;0;0;0
caleb-calvert;CHV;0;0;0;0;0;0;0;0;0
marco-carducci;VAN;0;0;0;0;0;0;0;0;0
santiago-castano;RBNY;0;0;0;0;0;0;0;0;0
geoffrey-castillion;NE;1;0;14;0;2;50;0;0;0
marvin-chavez;COL;2;0;39;0;1;0;1;1;0
ian-christianson;RBNY;3;0;9;0;1;0;0;1;0
caleb-clarke;VAN;0;0;0;0;0;0;0;0;0
jose-erick-correa;CHV;0;0;0;0;0;0;0;0;0
coy-craft;DAL;1;0;6;0;0;0;0;0;0
maxime-crepeau;MTL;0;0;0;0;0;0;0;0;0
danny-cruz;PHI;0;0;0;0;0;0;0;0;0
sam-garza;SJ;1;0;10;0;3;66.7;1;0;0
keon-daniel;PHI;0;0;0;0;0;0;0;0;0
marky-delgado;TOR;0;0;0;0;0;0;0;0;0
bright-dike;TOR;2;0;19;0;2;0;0;1;0
mamadou-diouf;VAN;0;0;0;0;0;0;0;0;0
marco-donadel;MTL;0;0;0;0;0;0;0;0;0
christian-duke;SKC;0;0;0;0;0;0;0;0;0
alecko-eskandarian;DC;0;0;0;0;0;0;0;0;0
david-estrada;SEA;1;0;5;0;0;0;0;0;0
steven-evans;POR;0;0;0;0;0;0;0;0;0
;VAN;0;0;0;0;0;0;0;0;0
collin-fernandez;CHI;0;0;0;0;0;0;0;0;0
lalo-fernandez;RSL;0;0;0;0;0;0;0;0;0
alvaro-fernandez;CHI;0;0;0;0;0;0;0;0;0
ryan-finley;CLB;0;0;0;0;0;0;0;0;0
george-fochive;POR;0;0;0;0;0;0;0;0;0
josh-ford;SEA;0;0;0;0;0;0;0;0;0
marco-franco;CHI;0;0;0;0;0;0;0;0;0
christiano-francois;DC;0;0;0;0;0;0;0;0;0
ross-friedman;CLB;0;0;0;0;0;0;0;0;0
kianz-froese;VAN;1;0;45;0;1;100;0;2;0
bryan-gallego;POR;0;0;0;0;0;0;0;0;0
rafael-garcia;LA;1;0;16;0;0;0;0;1;0
giuseppe-gentile;CHI;0;0;0;0;0;0;0;0;0
justen-glad;RSL;0;0;0;0;0;0;0;0;0
jake-gleeson;POR;0;0;0;0;0;0;0;0;0
jesse-gonzalez;DAL;0;0;0;0;0;0;0;0;0
andreas-gorlitz;SJ;3;3;225;0;3;66.7;4;2;4
brenton-griffiths;COL;0;0;0;0;0;0;0;0;0
marcus-hahnemann;SEA;0;0;0;0;0;0;0;0;0
jordan-hamilton;TOR;1;0;1;0;0;0;0;0;0
jordan-haynes;VAN;0;0;0;0;0;0;0;0;0
cristhian-hernandez;PHI;0;0;0;0;0;0;0;0;0
chandler-hoffman;LA;8;0;61;0;3;33.3;0;2;2
brian-holt;PHI;0;0;0;0;0;0;0;0;0
larry-jackson;NE;0;0;0;0;0;0;0;0;0
bradford-jamieson-iv;LA;2;0;23;0;2;100;0;1;0
mechack-jerome;MTL;0;0;0;0;0;0;0;0;0
george-john;DAL;0;0;0;0;0;0;0;0;0
joevin-jones;CHI;0;0;0;0;0;0;0;0;0
shalrie-joseph;NE;0;0;0;0;0;0;0;0;0
peterson-joseph;SKC;0;0;0;0;0;0;0;0;0
hunter-jumper;CHI;0;0;0;0;0;0;0;0;0
michael-kafari;SKC;0;0;0;0;0;0;0;0;0
kei-kamara;CLB;0;0;0;0;0;0;0;0;0
alec-kann;CHI;0;0;0;0;0;0;0;0;0
dan-kennedy;DAL;0;0;0;0;0;0;0;0;0
billy-knutsen;SJ;0;0;0;0;0;0;0;0;0
chris-konopka;TOR;0;0;0;0;0;0;0;0;0
aaron-kovar;SEA;3;0;25;0;1;100;2;0;0
connor-lade;RBNY;6;0;11;0;0;0;0;0;0
matt-lampson;CLB;0;0;0;0;0;0;0;0;0
roy-lassiter;DC;0;0;0;0;0;0;0;0;0
andre-lewis;VAN;0;0;0;0;0;0;0;0;0
michael-lisch;HOU;0;0;0;0;0;0;0;0;0
aaron-long;SEA;0;0;0;0;0;0;0;0;0
aaron-long;POR;0;0;0;0;0;0;0;0;0
adrian-lopez;MTL;0;0;0;0;0;0;0;0;0
benji-lopez;RSL;0;0;0;0;0;0;0;0;0
damion-lowe;SEA;0;0;0;0;0;0;0;0;0
chris-mannella;TOR;0;0;0;0;0;0;0;0;0
victor-mansaray;SEA;0;0;0;0;0;0;0;0;0
richie-marquez;PHI;0;0;0;0;0;0;0;0;0
walter-martinez;SJ;0;0;0;0;0;0;0;0;0
jack-mcbean;LA;0;0;0;0;0;0;0;0;0
jimmy-mclaughlin;PHI;1;0;1;0;0;0;0;0;0
ryan-meara;RBNY;0;0;0;0;0;0;0;0;0
;MTL;0;0;0;0;0;0;0;0;0
tim-melia;DAL;0;0;0;0;0;0;0;0;0
bryan-meredith;SJ;0;0;0;0;0;0;0;0;0
zakaria-messoudi;MTL;0;0;0;0;0;0;0;0;0
brian-mullan;COL;0;0;0;0;0;0;0;0;0
tommy-muller;SJ;0;0;0;0;0;0;0;0;0
victor-munoz;SKC;0;0;0;0;0;0;0;0;0
victor-munoz;DC;0;0;0;0;0;0;0;0;0
;MTL;0;0;0;0;0;0;0;0;0
ryan-neil;SJ;0;0;0;0;0;0;0;0;0
michael-nwiloh;CHV;0;0;0;0;0;0;0;0;0
jimmy-ockford;SEA;0;0;0;0;0;0;0;0;0
kofi-opare;DC;0;0;0;0;0;0;0;0;0
kevin-parsemain;SEA;0;0;0;0;0;0;0;0;0
taylor-peay;POR;0;0;0;0;0;0;0;0;0
fabio-pereira;SEA;0;0;0;0;0;0;0;0;0
damien-perrinelle;RBNY;2;0;7;0;0;0;0;0;0
matt-pickens;COL;0;0;0;0;0;0;0;0;0
;VAN;0;0;0;0;0;0;0;0;0
alvaro-rey;CLB;2;0;32;0;1;0;0;1;0
andrew-ribeiro;CHV;0;0;0;0;0;0;0;0;0
ryan-richter;TOR;0;0;0;0;0;0;0;0;0
nelson-rivas;MTL;0;0;0;0;0;0;0;0;0
martin-rivero;COL;0;0;0;0;0;0;0;0;0
quillan-roberts;TOR;0;0;0;0;0;0;0;0;0
jalen-robinson;DC;0;0;0;0;0;0;0;0;0
memo-rodriguez;HOU;0;0;0;0;0;0;0;0;0
charlie-rugg;LA;0;0;0;0;0;0;0;0;0
bryan-salazar;HOU;0;0;0;0;0;0;0;0;0
jossimar-sanchez;NE;0;0;0;0;0;0;0;0;0
richard-sanchez;DAL;0;0;0;0;0;0;0;0;0
sebastian-saucedo;RSL;0;0;0;0;0;0;0;0;0
conor-shanosky;DC;0;0;0;0;0;0;0;0;0
blake-smith;MTL;3;0;43;0;2;100;1;0;1
gege-soriola;MTL;0;0;0;0;0;0;0;0;0
oscar-sorto;LA;1;0;15;0;1;0;0;0;0
brian-span;DAL;0;0;0;0;0;0;0;0;0
eric-stevenson;RBNY;1;0;1;0;0;0;0;0;0
brad-stuver;CLB;0;0;0;0;0;0;0;0;0
alec-sundly;NE;0;0;0;0;0;0;0;0;0
ben-swanson;CLB;0;0;0;0;0;0;0;0;0
ben-sweat;CLB;0;0;0;0;0;0;0;0;0
tony-taylor;NE;1;0;9;0;1;0;0;0;0
donny-toia;MTL;0;0;0;0;0;0;0;0;0
jonathan-top;DAL;0;0;0;0;0;0;0;0;0
paolo-tornaghi;VAN;0;0;0;0;0;0;0;0;0
schillo-tshuma;POR;0;0;0;0;0;0;0;0;0
kristopher-tyrpak;SJ;0;0;0;0;0;0;0;0;0
jose-adolfo-valencia;POR;0;0;0;0;0;0;0;0;0
kyle-venter;LA;0;0;0;0;0;0;0;0;0
matt-walker;CLB;0;0;0;0;0;0;0;0;0
kwame-watson-siriboe;RSL;0;0;0;0;0;0;0;0;0
cam-weaver;SEA;3;0;31;0;8;50;0;4;0
matt-wiet;CLB;0;0;0;0;0;0;0;0;0
joe-willis;DC;0;0;0;0;0;0;0;0;0
daniel-withrow;DC;0;0;0;0;0;0;0;0;0
daniel-withrow;CLB;0;0;0;0;0;0;0;0;0
london-woodberry;DAL;0;0;0;0;0;0;0;0;0
o-brian-woodbine;NE;0;0;0;0;0;0;0;0;0
eriq-zavaleta;SEA;0;0;0;0;0;0;0;0;0
